   Compiling plateforce-batch v0.1.0 (/home/alex/pf-e35-round/crates/plateforce-batch)
    Finished `test` profile [unoptimized + debuginfo] target(s) in 5.05s
     Running unittests src/lib.rs (target/debug/deps/plateforce_analysis-dedb08ee4c0088b2)

running 52 tests
test binding::operator_routing_tests::one_name_on_two_constructs_reaches_two_entries ... ok
test binding::operator_routing_tests::the_names_reach_exactly_the_operator_entries_this_build_declares ... ok
test derived::tests::the_chain_names_the_rules_a_rule_read_and_not_the_rules_that_merely_ran ... ok
test capability::tests::a_repeated_operation_is_reported_once ... ok
test capability::tests::a_surface_answers_for_its_own_intake_and_never_for_the_members ... ok
test document::tests::a_declined_rule_arrives_as_fields_rather_than_a_sentence ... ok
test derived::tests::a_number_resting_on_a_sample_rests_on_everything_under_it ... ok
test capability::tests::the_manifest_names_every_member_of_the_acquisition_block ... ok
test document::tests::a_value_the_rule_will_not_take_keeps_its_own_code_across_the_boundary ... ok
test pipeline::tests::an_id_with_no_rule_behind_it_is_refused_rather_than_run_as_something_else ... ok
test document::tests::a_refusal_that_names_no_rule_is_stamped_with_the_one_the_slot_ran ... ok
test pipeline::tests::a_moved_weighing_window_keeps_the_weight_and_restates_the_indices ... ok
test pipeline::tests::a_rule_reading_a_placed_sample_is_declared_after_the_rule_that_places_it ... FAILED
test pipeline::tests::an_unbound_id_is_refused_even_when_a_marker_was_dragged ... ok
test pipeline::tests::dragging_a_marker_is_recorded_as_the_sample_the_hand_placed ... FAILED
test pipeline::tests::a_method_absent_from_the_registry_is_marked_unbacked_rather_than_hidden ... FAILED
test pipeline::tests::the_reading_reaches_whole_forked_and_faulted ... FAILED
test pipeline::tests::the_reading_that_tells_one_answer_from_two_answers_both_ways ... FAILED
test capability::tests::the_manifest_carries_one_record_per_binding ... ok
test pipeline::tests::the_weighing_bindings_all_produce_a_window ... FAILED
test pipeline::tests::the_baseline_is_rewritten_only_when_asked ... ok
test spread::a_slot_the_sweep_cannot_vary::a_construct_id_the_sweep_does_not_know_is_refused_by_name ... ok
test pipeline::tests::every_binding_this_build_advertises_actually_runs ... FAILED
test pipeline::tests::every_metric_names_the_methods_that_produced_it ... FAILED
test pipeline::tests::the_degenerate_band_policy_is_recorded_whichever_branch_ran ... FAILED
test spread::a_slot_the_sweep_cannot_vary::an_unknown_method_axis_names_the_slot_rather_than_sweeping_nothing ... ok
test response::unit_reading_tests::a_yes_or_no_reads_as_a_word_and_a_magnitude_does_not ... ok
test quality::tests::every_status_prints_the_word_the_wire_carries ... ok
test quality::tests::no_two_statuses_travel_under_one_word ... ok
test pipeline::tests::the_longest_run_rule_warns_when_it_skips_the_first_flight_phase ... FAILED
test pipeline::tests::every_rule_computed_from_the_landmarks_reports_what_it_declares ... FAILED
test spread::a_slot_the_sweep_cannot_vary::the_gravity_field_is_not_a_slot_and_still_sweeps ... FAILED
test response::unit_reading_tests::every_unit_this_build_reports_is_drawn_as_a_symbol_or_as_nothing ... ok
test spread::tests::a_reason_is_only_written_against_a_quantity_the_declining_rule_produced ... FAILED
test spread::tests::a_capped_sweep_says_it_was_capped_rather_than_reporting_a_short_denominator ... ok
test spread::tests::an_axis_comparing_two_kinds_at_once_is_refused_rather_than_settled_by_precedence ... ok
test spread::tests::a_swept_setting_is_written_the_way_every_other_record_writes_it ... ok
test spread::tests::a_spread_is_withheld_where_one_number_is_all_the_sweep_produced ... FAILED
test spread::tests::an_axis_naming_nothing_to_vary_is_refused_rather_than_collapsing_the_sweep_beside_it ... FAILED
test spread::a_slot_the_sweep_cannot_vary::a_slot_the_sweep_does_know_still_moves_the_number ... FAILED
test spread::tests::two_swept_values_that_differ_late_are_two_settings_a_reader_can_tell_apart ... ok
test spread::tests::two_axes_produce_their_cartesian_product ... ok
test spread::tests::the_published_values_of_one_parameter_move_the_number ... FAILED
test spread::tests::the_order_the_caller_typed_the_values_in_does_not_reach_the_document ... FAILED
test spread::tests::the_order_the_caller_typed_the_names_in_does_not_reach_the_document ... FAILED
test spread::tests::sweeping_a_slot_releases_its_dragged_marker ... FAILED
test spread::tests::a_variant_that_fails_is_listed_with_a_reason_and_not_dropped ... FAILED
test pipeline::tests::recording_what_each_rule_resolved_moved_no_number ... FAILED
test spread::tests::the_names_a_rule_takes_sweep_the_way_its_numbers_do ... FAILED
test spread::tests::the_order_the_caller_listed_the_rules_in_does_not_reach_the_document ... FAILED
test slots::integration_rule::tests::every_registry_quadrature_runs_and_names_the_rule_that_integrated ... FAILED
test pipeline::tests::a_construct_holds_rules_that_all_answer_its_question_or_all_answer_their_own ... FAILED

failures:

---- pipeline::tests::a_rule_reading_a_placed_sample_is_declared_after_the_rule_that_places_it stdout ----

thread 'pipeline::tests::a_rule_reading_a_placed_sample_is_declared_after_the_rule_that_places_it' (3339393) panicked at crates/plateforce-analysis/src/pipeline.rs:1317:57:
the request is well formed: Refusal { code: RequiredParameterUnstated, method_id: "bwepoch.fixed_window", slot: Some("system_weight"), parameter: Some("dispersion"), value: None, named_value: None, detail: {}, available: [], message: "bwepoch.fixed_window publishes no default for dispersion, so it has to be stated" }
note: run with `RUST_BACKTRACE=1` environment variable to display a backtrace

---- pipeline::tests::dragging_a_marker_is_recorded_as_the_sample_the_hand_placed stdout ----

thread 'pipeline::tests::dragging_a_marker_is_recorded_as_the_sample_the_hand_placed' (3339396) panicked at crates/plateforce-analysis/src/pipeline.rs:2099:54:
called `Result::unwrap()` on an `Err` value: Refusal { code: RequiredParameterUnstated, method_id: "bwepoch.fixed_window", slot: Some("system_weight"), parameter: Some("dispersion"), value: None, named_value: None, detail: {}, available: [], message: "bwepoch.fixed_window publishes no default for dispersion, so it has to be stated" }

---- pipeline::tests::a_method_absent_from_the_registry_is_marked_unbacked_rather_than_hidden stdout ----

thread 'pipeline::tests::a_method_absent_from_the_registry_is_marked_unbacked_rather_than_hidden' (3339391) panicked at crates/plateforce-analysis/src/pipeline.rs:2080:10:
called `Result::unwrap()` on an `Err` value: Refusal { code: RequiredParameterUnstated, method_id: "bwepoch.fixed_window", slot: Some("system_weight"), parameter: Some("dispersion"), value: None, named_value: None, detail: {}, available: [], message: "bwepoch.fixed_window publishes no default for dispersion, so it has to be stated" }

---- pipeline::tests::the_reading_reaches_whole_forked_and_faulted stdout ----

thread 'pipeline::tests::the_reading_reaches_whole_forked_and_faulted' (3339404) panicked at crates/plateforce-analysis/src/pipeline.rs:1958:43:
onset.threshold.noise_relative produced nothing on this recording: bwepoch.fixed_window publishes no default for dispersion, so it has to be stated

---- pipeline::tests::the_reading_that_tells_one_answer_from_two_answers_both_ways stdout ----

thread 'pipeline::tests::the_reading_that_tells_one_answer_from_two_answers_both_ways' (3339405) panicked at crates/plateforce-analysis/src/pipeline.rs:1898:39:
onset.threshold.noise_relative produced nothing on this recording: bwepoch.fixed_window publishes no default for dispersion, so it has to be stated

---- pipeline::tests::the_weighing_bindings_all_produce_a_window stdout ----

thread 'pipeline::tests::the_weighing_bindings_all_produce_a_window' (3339406) panicked at crates/plateforce-analysis/src/pipeline.rs:2020:52:
called `Result::unwrap()` on an `Err` value: Refusal { code: RequiredParameterUnstated, method_id: "bwepoch.fixed_window", slot: Some("system_weight"), parameter: Some("dispersion"), value: None, named_value: None, detail: {}, available: [], message: "bwepoch.fixed_window publishes no default for dispersion, so it has to be stated" }

---- pipeline::tests::every_binding_this_build_advertises_actually_runs stdout ----

thread 'pipeline::tests::every_binding_this_build_advertises_actually_runs' (3339397) panicked at crates/plateforce-analysis/src/pipeline.rs:1202:41:
filter.none failed to run: bwepoch.fixed_window publishes no default for dispersion, so it has to be stated

---- pipeline::tests::every_metric_names_the_methods_that_produced_it stdout ----

thread 'pipeline::tests::every_metric_names_the_methods_that_produced_it' (3339398) panicked at crates/plateforce-analysis/src/pipeline.rs:2061:10:
called `Result::unwrap()` on an `Err` value: Refusal { code: RequiredParameterUnstated, method_id: "bwepoch.fixed_window", slot: Some("system_weight"), parameter: Some("dispersion"), value: None, named_value: None, detail: {}, available: [], message: "bwepoch.fixed_window publishes no default for dispersion, so it has to be stated" }

---- pipeline::tests::the_degenerate_band_policy_is_recorded_whichever_branch_ran stdout ----

thread 'pipeline::tests::the_degenerate_band_policy_is_recorded_whichever_branch_ran' (3339402) panicked at crates/plateforce-analysis/src/pipeline.rs:2806:49:
the synthetic trial analyses: Refusal { code: RequiredParameterUnstated, method_id: "bwepoch.fixed_window", slot: Some("system_weight"), parameter: Some("dispersion"), value: None, named_value: None, detail: {}, available: [], message: "bwepoch.fixed_window publishes no default for dispersion, so it has to be stated" }

---- pipeline::tests::the_longest_run_rule_warns_when_it_skips_the_first_flight_phase stdout ----

thread 'pipeline::tests::the_longest_run_rule_warns_when_it_skips_the_first_flight_phase' (3339403) panicked at crates/plateforce-analysis/src/pipeline.rs:2207:48:
called `Result::unwrap()` on an `Err` value: Refusal { code: RequiredParameterUnstated, method_id: "bwepoch.fixed_window", slot: Some("system_weight"), parameter: Some("dispersion"), value: None, named_value: None, detail: {}, available: [], message: "bwepoch.fixed_window publishes no default for dispersion, so it has to be stated" }

---- pipeline::tests::every_rule_computed_from_the_landmarks_reports_what_it_declares stdout ----

thread 'pipeline::tests::every_rule_computed_from_the_landmarks_reports_what_it_declares' (3339399) panicked at crates/plateforce-analysis/src/pipeline.rs:1223:57:
the request is well formed: Refusal { code: RequiredParameterUnstated, method_id: "bwepoch.fixed_window", slot: Some("system_weight"), parameter: Some("dispersion"), value: None, named_value: None, detail: {}, available: [], message: "bwepoch.fixed_window publishes no default for dispersion, so it has to be stated" }

---- spread::a_slot_the_sweep_cannot_vary::the_gravity_field_is_not_a_slot_and_still_sweeps stdout ----

thread 'spread::a_slot_the_sweep_cannot_vary::the_gravity_field_is_not_a_slot_and_still_sweeps' (3339415) panicked at crates/plateforce-analysis/src/spread.rs:1553:9:
assertion `left == right` failed
  left: 0
 right: 3

---- spread::tests::a_reason_is_only_written_against_a_quantity_the_declining_rule_produced stdout ----

thread 'spread::tests::a_reason_is_only_written_against_a_quantity_the_declining_rule_produced' (3339417) panicked at crates/plateforce-analysis/src/spread.rs:1431:9:
bwepoch.fixed_window is not the rule this quantity rests on

---- spread::tests::a_spread_is_withheld_where_one_number_is_all_the_sweep_produced stdout ----

thread 'spread::tests::a_spread_is_withheld_where_one_number_is_all_the_sweep_produced' (3339418) panicked at crates/plateforce-analysis/src/spread.rs:1130:9:
assertion `left == right` failed
  left: 0
 right: 4

---- spread::tests::an_axis_naming_nothing_to_vary_is_refused_rather_than_collapsing_the_sweep_beside_it stdout ----

thread 'spread::tests::an_axis_naming_nothing_to_vary_is_refused_rather_than_collapsing_the_sweep_beside_it' (3339425) panicked at crates/plateforce-analysis/src/spread.rs:1319:9:
the axis this test compares against moved nothing

---- spread::a_slot_the_sweep_cannot_vary::a_slot_the_sweep_does_know_still_moves_the_number stdout ----
0 of 3 variants succeeded, spread None

thread 'spread::a_slot_the_sweep_cannot_vary::a_slot_the_sweep_does_know_still_moves_the_number' (3339413) panicked at crates/plateforce-analysis/src/spread.rs:1541:9:
assertion `left == right` failed
  left: 0
 right: 3

---- spread::tests::the_published_values_of_one_parameter_move_the_number stdout ----

thread 'spread::tests::the_published_values_of_one_parameter_move_the_number' (3339431) panicked at crates/plateforce-analysis/src/spread.rs:821:9:
assertion `left == right` failed
  left: 0
 right: 4

---- spread::tests::the_order_the_caller_typed_the_values_in_does_not_reach_the_document stdout ----

thread 'spread::tests::the_order_the_caller_typed_the_values_in_does_not_reach_the_document' (3339430) panicked at crates/plateforce-analysis/src/spread.rs:1380:9:
no combination produced a value, so the documents agree about nothing in them

---- spread::tests::the_order_the_caller_typed_the_names_in_does_not_reach_the_document stdout ----

thread 'spread::tests::the_order_the_caller_typed_the_names_in_does_not_reach_the_document' (3339429) panicked at crates/plateforce-analysis/src/spread.rs:1060:9:
no combination produced a value, so the documents agree about nothing in them

---- spread::tests::sweeping_a_slot_releases_its_dragged_marker stdout ----

thread 'spread::tests::sweeping_a_slot_releases_its_dragged_marker' (3339426) panicked at crates/plateforce-analysis/src/spread.rs:887:9:
assertion `left == right` failed
  left: 0
 right: 3

---- spread::tests::a_variant_that_fails_is_listed_with_a_reason_and_not_dropped stdout ----

thread 'spread::tests::a_variant_that_fails_is_listed_with_a_reason_and_not_dropped' (3339423) panicked at crates/plateforce-analysis/src/spread.rs:936:9:
assertion `left == right` failed
  left: 2
 right: 1

---- pipeline::tests::recording_what_each_rule_resolved_moved_no_number stdout ----

thread 'pipeline::tests::recording_what_each_rule_resolved_moved_no_number' (3339400) panicked at crates/plateforce-analysis/src/pipeline.rs:3129:13:
assertion `left == right` failed: baseline line 2 moved
  left: "  window 0..960"
 right: "  error bwepoch.fixed_window publishes no default for dispersion, so it has to be stated"

---- spread::tests::the_names_a_rule_takes_sweep_the_way_its_numbers_do stdout ----
0 of 2 succeeded, spread None

thread 'spread::tests::the_names_a_rule_takes_sweep_the_way_its_numbers_do' (3339427) panicked at crates/plateforce-analysis/src/spread.rs:1010:9:
assertion `left == right` failed
  left: 0
 right: 2

---- spread::tests::the_order_the_caller_listed_the_rules_in_does_not_reach_the_document stdout ----

thread 'spread::tests::the_order_the_caller_listed_the_rules_in_does_not_reach_the_document' (3339428) panicked at crates/plateforce-analysis/src/spread.rs:1245:9:
no combination produced a value, so the documents agree about nothing in them

---- slots::integration_rule::tests::every_registry_quadrature_runs_and_names_the_rule_that_integrated stdout ----

thread 'slots::integration_rule::tests::every_registry_quadrature_runs_and_names_the_rule_that_integrated' (3339411) panicked at crates/plateforce-analysis/src/slots/integration_rule/mod.rs:160:60:
the quadrature rule runs: Refusal { code: RequiredParameterUnstated, method_id: "bwepoch.fixed_window", slot: Some("system_weight"), parameter: Some("dispersion"), value: None, named_value: None, detail: {}, available: [], message: "bwepoch.fixed_window publishes no default for dispersion, so it has to be stated" }

---- pipeline::tests::a_construct_holds_rules_that_all_answer_its_question_or_all_answer_their_own stdout ----
analysis_window, on the synthetic trace: not ruled on under any of 1 compositions, 0 of 4 entries produced a quantity and a pair needs two
    window_end.takeoff.detected: bwepoch.fixed_window publishes no default for dispersion, so it has to be stated
    window_end.fixed_duration.isometric: bwepoch.fixed_window publishes no default for dispersion, so it has to be stated
    window_end.force_dropoff_from_running_max: bwepoch.fixed_window publishes no default for dispersion, so it has to be stated
    phase.window.positive_impulse.net_force_positive: bwepoch.fixed_window publishes no default for dispersion, so it has to be stated
braking_phase_start, on the synthetic trace: not ruled on under any of 17 compositions, 0 of 2 entries produced a quantity and a pair needs two
    phase.braking_start.zero_net_force: bwepoch.fixed_window publishes no default for dispersion, so it has to be stated
    phase.braking_start.min_force: bwepoch.fixed_window publishes no default for dispersion, so it has to be stated
epoch_impulse, on the synthetic trace: not ruled on under any of 32 compositions, 0 of 2 entries produced a quantity and a pair needs two
    impulse.epoch_from_onset: bwepoch.fixed_window publishes no default for dispersion, so it has to be stated
    impulse.to_fraction_of_peak_force: bwepoch.fixed_window publishes no default for dispersion, so it has to be stated
jump_height.standing_frame, on the synthetic trace: not ruled on under any of 10 compositions, 0 of 3 entries produced a quantity and a pair needs two
    jumpheight.standing.double_integration: bwepoch.fixed_window publishes no default for dispersion, so it has to be stated
    jumpheight.standing.tov_plus_displacement: bwepoch.fixed_window publishes no default for dispersion, so it has to be stated
    jumpheight.standing.flight_time_anthropometric_correction.wade2020: bwepoch.fixed_window publishes no default for dispersion, so it has to be stated
jump_height.takeoff_frame, on the synthetic trace: not ruled on under any of 6 compositions, 0 of 7 entries produced a quantity and a pair needs two
    jumpheight.takeoff.impulse_momentum: bwepoch.fixed_window publishes no default for dispersion, so it has to be stated
    jumpheight.takeoff.flight_time: bwepoch.fixed_window publishes no default for dispersion, so it has to be stated
    jumpheight.takeoff.peak_velocity.chavda2018: bwepoch.fixed_window publishes no default for dispersion, so it has to be stated
    jumpheight.takeoff.work_energy: bwepoch.fixed_window publishes no default for dispersion, so it has to be stated
    jumpheight.dj.mcmahon_correction_factor: bwepoch.fixed_window publishes no default for dispersion, so it has to be stated
    jumpheight.flight_time.ankle_angle_corrected: bwepoch.fixed_window publishes no default for dispersion, so it has to be stated
    jumpheight.dj.box_height_as_drop_height: bwepoch.fixed_window publishes no default for dispersion, so it has to be stated
jump_height.undeclared, on the synthetic trace: not ruled on under any of 11 compositions, 0 of 3 entries produced a quantity and a pair needs two
    jumpheight.frame: bwepoch.fixed_window publishes no default for dispersion, so it has to be stated
    jumpheight.flight_phase_displacement.vald_impdis: bwepoch.fixed_window publishes no default for dispersion, so it has to be stated
    jumpheight.min_of_ft_and_tov.labanalysis: bwepoch.fixed_window publishes no default for dispersion, so it has to be stated
jump_type, on the synthetic trace: not ruled on under any of 49 compositions, 0 of 2 entries produced a quantity and a pair needs two
    qc.jump_type_autodetection.sams: bwepoch.fixed_window publishes no default for dispersion, so it has to be stated
    qc.jump_type_autodetection.mass_scaled: bwepoch.fixed_window publishes no default for dispersion, so it has to be stated
landing, on the synthetic trace: not ruled on under any of 5 compositions, 0 of 2 entries produced a quantity and a pair needs two
    landing.threshold.tied_to_takeoff: bwepoch.fixed_window publishes no default for dispersion, so it has to be stated
    landing.threshold.absolute_force: bwepoch.fixed_window publishes no default for dispersion, so it has to be stated
lifting_phase_end, on the synthetic trace: not ruled on under any of 42 compositions, 0 of 3 entries produced a quantity and a pair needs two
    phase.lift.end.net_force_zero: bwepoch.fixed_window publishes no default for dispersion, so it has to be stated
    phase.lift.end.peak_displacement.lake2012_PD: bwepoch.fixed_window publishes no default for dispersion, so it has to be stated
    phase.lift.end.absolute_force_zero.frost2008: bwepoch.fixed_window publishes no default for dispersion, so it has to be stated
lifting_phase_start, on the synthetic trace: not ruled on under any of 41 compositions, 0 of 2 entries produced a quantity and a pair needs two
    phase.lift.start.velocity_zero_crossing: bwepoch.fixed_window publishes no default for dispersion, so it has to be stated
    phase.lift.start.visual_inspection.dead_start: bwepoch.fixed_window publishes no default for dispersion, so it has to be stated
mechanical_power.peak, on the synthetic trace: not ruled on under any of 34 compositions, 0 of 3 entries produced a quantity and a pair needs two
    power.peak.instantaneous: bwepoch.fixed_window publishes no default for dispersion, so it has to be stated
    power.peak_from_height.lewis: bwepoch.fixed_window publishes no default for dispersion, so it has to be stated
    power.peak_from_height.regression: bwepoch.fixed_window publishes no default for dispersion, so it has to be stated
mechanical_work, on the synthetic trace: not ruled on under any of 36 compositions, 0 of 3 entries produced a quantity and a pair needs two
    work.integral_power_dt: bwepoch.fixed_window publishes no default for dispersion, so it has to be stated
    work.integral_force_ds: bwepoch.fixed_window publishes no default for dispersion, so it has to be stated
    work.single_force_displacement_product: bwepoch.fixed_window publishes no default for dispersion, so it has to be stated
movement_onset, on the synthetic trace: not ruled on under any of 56 compositions, 0 of 5 entries produced a quantity and a pair needs two
    onset.threshold.noise_relative: bwepoch.fixed_window publishes no default for dispersion, so it has to be stated
    onset.threshold.relative_to_system_weight: bwepoch.fixed_window publishes no default for dispersion, so it has to be stated
    onset.threshold.absolute_force: bwepoch.fixed_window publishes no default for dispersion, so it has to be stated
    onset.threshold.last_within_band: bwepoch.fixed_window publishes no default for dispersion, so it has to be stated
    onset.threshold.adaptive_trailing_window: bwepoch.fixed_window publishes no default for dispersion, so it has to be stated
net_impulse, on the synthetic trace: not ruled on under any of 6 compositions, 0 of 4 entries produced a quantity and a pair needs two
    impulse.net_vertical.as_performance_determinant: bwepoch.fixed_window publishes no default for dispersion, so it has to be stated
    integration.rule.trapezoid: bwepoch.fixed_window publishes no default for dispersion, so it has to be stated
    integration.rule.simpson: bwepoch.fixed_window publishes no default for dispersion, so it has to be stated
    integration.rule.rectangle: bwepoch.fixed_window publishes no default for dispersion, so it has to be stated
normalisation_basis, on the synthetic trace: not ruled on under any of 38 compositions, 0 of 6 entries produced a quantity and a pair needs two
    normalise.denominator: bwepoch.fixed_window publishes no default for dispersion, so it has to be stated
    norm.absolute: bwepoch.fixed_window publishes no default for dispersion, so it has to be stated
    norm.ratio_bodymass: bwepoch.fixed_window publishes no default for dispersion, so it has to be stated
    norm.allometric: bwepoch.fixed_window publishes no default for dispersion, so it has to be stated
    norm.pct_peak_force: bwepoch.fixed_window publishes no default for dispersion, so it has to be stated
    norm.dimensionless_hof: bwepoch.fixed_window publishes no default for dispersion, so it has to be stated
peak_force, on the synthetic trace: not ruled on under any of 4 compositions, 0 of 2 entries produced a quantity and a pair needs two
    force.peak.gross: bwepoch.fixed_window publishes no default for dispersion, so it has to be stated
    force.peak.estimator: bwepoch.fixed_window publishes no default for dispersion, so it has to be stated
phase_model, on the synthetic trace: not ruled on under any of 21 compositions, 0 of 5 entries produced a quantity and a pair needs two
    phase.model.unweighting_single.mcmahon2018: bwepoch.fixed_window publishes no default for dispersion, so it has to be stated
    phase.model.unloading_yielding_split.harry2020: bwepoch.fixed_window publishes no default for dispersion, so it has to be stated
    phase.anchor.time_epochs.schmidtbleicher: bwepoch.fixed_window publishes no default for dispersion, so it has to be stated
    phase.model.squat_jump_distinct: bwepoch.fixed_window publishes no default for dispersion, so it has to be stated
    vocab.downward_upward: bwepoch.fixed_window publishes no default for dispersion, so it has to be stated
propulsion_phase_end, on the synthetic trace: not ruled on under any of 20 compositions, 0 of 2 entries produced a quantity and a pair needs two
    phase.propulsion_end.peak_com_velocity: bwepoch.fixed_window publishes no default for dispersion, so it has to be stated
    phase.propulsion_end.takeoff: bwepoch.fixed_window publishes no default for dispersion, so it has to be stated
propulsion_phase_start, on the synthetic trace: not ruled on under any of 18 compositions, 0 of 4 entries produced a quantity and a pair needs two
    phase.propulsion_start.zero_velocity: bwepoch.fixed_window publishes no default for dispersion, so it has to be stated
    phase.propulsion_start.velocity_threshold: bwepoch.fixed_window publishes no default for dispersion, so it has to be stated
    phase.propulsion_start.peak_grf: bwepoch.fixed_window publishes no default for dispersion, so it has to be stated
    phase.propulsive.accel_above_neg_g: bwepoch.fixed_window publishes no default for dispersion, so it has to be stated
propulsion_subdivision, on the synthetic trace: not ruled on under any of 23 compositions, 0 of 2 entries produced a quantity and a pair needs two
    phase.propulsion_subdivision.by_time: bwepoch.fixed_window publishes no default for dispersion, so it has to be stated
    phase.propulsion_subdivision.by_force_crossing: bwepoch.fixed_window publishes no default for dispersion, so it has to be stated
rate_of_force_development, on the synthetic trace: not ruled on under any of 24 compositions, 0 of 9 entries produced a quantity and a pair needs two
    rfd.epoch_from_onset.overlapping: bwepoch.fixed_window publishes no default for dispersion, so it has to be stated
    rfd.epoch_from_onset.sequential: bwepoch.fixed_window publishes no default for dispersion, so it has to be stated
    rfd.peak_sliding_window: bwepoch.fixed_window publishes no default for dispersion, so it has to be stated
    rfd.at_fraction_of_peak_force: bwepoch.fixed_window publishes no default for dispersion, so it has to be stated
    rfd.between_force_levels: bwepoch.fixed_window publishes no default for dispersion, so it has to be stated
    rfd.average_to_peak_force: bwepoch.fixed_window publishes no default for dispersion, so it has to be stated
    rfd.phase_endpoint_secant.harry: bwepoch.fixed_window publishes no default for dispersion, so it has to be stated
    rfd.exponential_model.padulles: bwepoch.fixed_window publishes no default for dispersion, so it has to be stated
    rfd.mean_force_over_duration.lapuente: bwepoch.fixed_window publishes no default for dispersion, so it has to be stated
rate_of_power_development, on the synthetic trace: not ruled on under any of 33 compositions, 0 of 2 entries produced a quantity and a pair needs two
    rpd.phase_anchored: bwepoch.fixed_window publishes no default for dispersion, so it has to be stated
    rpd.peak_to_peak_anchored.amti: bwepoch.fixed_window publishes no default for dispersion, so it has to be stated
reactive_strength_index, on the synthetic trace: not ruled on under any of 16 compositions, 0 of 2 entries produced a quantity and a pair needs two
    rsimod.jh_tov_over_ttt: bwepoch.fixed_window publishes no default for dispersion, so it has to be stated
    rsimod.jh_ft_over_ttt: bwepoch.fixed_window publishes no default for dispersion, so it has to be stated
system_weight, on the synthetic trace: not ruled on under any of 56 compositions, 0 of 3 entries produced a quantity and a pair needs two
    bwepoch.fixed_window: bwepoch.fixed_window publishes no default for dispersion, so it has to be stated
    bwepoch.adaptive_lowest_variance: bwepoch.adaptive_lowest_variance publishes no default for dispersion, so it has to be stated
    bwepoch.manual_placement: bwepoch.manual_placement publishes no default for dispersion, so it has to be stated
takeoff, on the synthetic trace: not ruled on under any of 56 compositions, 0 of 5 entries produced a quantity and a pair needs two
    takeoff.threshold.absolute_force: bwepoch.fixed_window publishes no default for dispersion, so it has to be stated
    takeoff.threshold.longest_run: bwepoch.fixed_window publishes no default for dispersion, so it has to be stated
    takeoff.threshold.descending_crossing: bwepoch.fixed_window publishes no default for dispersion, so it has to be stated
    takeoff.threshold.flight_noise_k_sd: bwepoch.fixed_window publishes no default for dispersion, so it has to be stated
    takeoff.threshold.landing_shape: bwepoch.fixed_window publishes no default for dispersion, so it has to be stated
trial_validity, on the synthetic trace: not ruled on under any of 50 compositions, 0 of 4 entries produced a quantity and a pair needs two
    trial.gate.pretension_ceiling: bwepoch.fixed_window publishes no default for dispersion, so it has to be stated
    qc.countermovement_contamination.chavda2020: bwepoch.fixed_window publishes no default for dispersion, so it has to be stated
    qc.transient_peak_count.pedley2023: bwepoch.fixed_window publishes no default for dispersion, so it has to be stated
    qc.flight_time_acceptance_window: bwepoch.fixed_window publishes no default for dispersion, so it has to be stated
analysis_window, on subject 01 trial 1: not ruled on under any of 1 compositions, 0 of 4 entries produced a quantity and a pair needs two
    window_end.takeoff.detected: bwepoch.fixed_window publishes no default for dispersion, so it has to be stated
    window_end.fixed_duration.isometric: bwepoch.fixed_window publishes no default for dispersion, so it has to be stated
    window_end.force_dropoff_from_running_max: bwepoch.fixed_window publishes no default for dispersion, so it has to be stated
    phase.window.positive_impulse.net_force_positive: bwepoch.fixed_window publishes no default for dispersion, so it has to be stated
braking_phase_start, on subject 01 trial 1: not ruled on under any of 17 compositions, 0 of 2 entries produced a quantity and a pair needs two
    phase.braking_start.zero_net_force: bwepoch.fixed_window publishes no default for dispersion, so it has to be stated
    phase.braking_start.min_force: bwepoch.fixed_window publishes no default for dispersion, so it has to be stated
epoch_impulse, on subject 01 trial 1: not ruled on under any of 32 compositions, 0 of 2 entries produced a quantity and a pair needs two
    impulse.epoch_from_onset: bwepoch.fixed_window publishes no default for dispersion, so it has to be stated
    impulse.to_fraction_of_peak_force: bwepoch.fixed_window publishes no default for dispersion, so it has to be stated
jump_height.standing_frame, on subject 01 trial 1: not ruled on under any of 10 compositions, 0 of 3 entries produced a quantity and a pair needs two
    jumpheight.standing.double_integration: bwepoch.fixed_window publishes no default for dispersion, so it has to be stated
    jumpheight.standing.tov_plus_displacement: bwepoch.fixed_window publishes no default for dispersion, so it has to be stated
    jumpheight.standing.flight_time_anthropometric_correction.wade2020: bwepoch.fixed_window publishes no default for dispersion, so it has to be stated
jump_height.takeoff_frame, on subject 01 trial 1: not ruled on under any of 6 compositions, 0 of 7 entries produced a quantity and a pair needs two
    jumpheight.takeoff.impulse_momentum: bwepoch.fixed_window publishes no default for dispersion, so it has to be stated
    jumpheight.takeoff.flight_time: bwepoch.fixed_window publishes no default for dispersion, so it has to be stated
    jumpheight.takeoff.peak_velocity.chavda2018: bwepoch.fixed_window publishes no default for dispersion, so it has to be stated
    jumpheight.takeoff.work_energy: bwepoch.fixed_window publishes no default for dispersion, so it has to be stated
    jumpheight.dj.mcmahon_correction_factor: bwepoch.fixed_window publishes no default for dispersion, so it has to be stated
    jumpheight.flight_time.ankle_angle_corrected: bwepoch.fixed_window publishes no default for dispersion, so it has to be stated
    jumpheight.dj.box_height_as_drop_height: bwepoch.fixed_window publishes no default for dispersion, so it has to be stated
jump_height.undeclared, on subject 01 trial 1: not ruled on under any of 11 compositions, 0 of 3 entries produced a quantity and a pair needs two
    jumpheight.frame: bwepoch.fixed_window publishes no default for dispersion, so it has to be stated
    jumpheight.flight_phase_displacement.vald_impdis: bwepoch.fixed_window publishes no default for dispersion, so it has to be stated
    jumpheight.min_of_ft_and_tov.labanalysis: bwepoch.fixed_window publishes no default for dispersion, so it has to be stated
jump_type, on subject 01 trial 1: not ruled on under any of 49 compositions, 0 of 2 entries produced a quantity and a pair needs two
    qc.jump_type_autodetection.sams: bwepoch.fixed_window publishes no default for dispersion, so it has to be stated
    qc.jump_type_autodetection.mass_scaled: bwepoch.fixed_window publishes no default for dispersion, so it has to be stated
landing, on subject 01 trial 1: not ruled on under any of 5 compositions, 0 of 2 entries produced a quantity and a pair needs two
    landing.threshold.tied_to_takeoff: bwepoch.fixed_window publishes no default for dispersion, so it has to be stated
    landing.threshold.absolute_force: bwepoch.fixed_window publishes no default for dispersion, so it has to be stated
lifting_phase_end, on subject 01 trial 1: not ruled on under any of 42 compositions, 0 of 3 entries produced a quantity and a pair needs two
    phase.lift.end.net_force_zero: bwepoch.fixed_window publishes no default for dispersion, so it has to be stated
    phase.lift.end.peak_displacement.lake2012_PD: bwepoch.fixed_window publishes no default for dispersion, so it has to be stated
    phase.lift.end.absolute_force_zero.frost2008: bwepoch.fixed_window publishes no default for dispersion, so it has to be stated
lifting_phase_start, on subject 01 trial 1: not ruled on under any of 41 compositions, 0 of 2 entries produced a quantity and a pair needs two
    phase.lift.start.velocity_zero_crossing: bwepoch.fixed_window publishes no default for dispersion, so it has to be stated
    phase.lift.start.visual_inspection.dead_start: bwepoch.fixed_window publishes no default for dispersion, so it has to be stated
mechanical_power.peak, on subject 01 trial 1: not ruled on under any of 34 compositions, 0 of 3 entries produced a quantity and a pair needs two
    power.peak.instantaneous: bwepoch.fixed_window publishes no default for dispersion, so it has to be stated
    power.peak_from_height.lewis: bwepoch.fixed_window publishes no default for dispersion, so it has to be stated
    power.peak_from_height.regression: bwepoch.fixed_window publishes no default for dispersion, so it has to be stated
mechanical_work, on subject 01 trial 1: not ruled on under any of 36 compositions, 0 of 3 entries produced a quantity and a pair needs two
    work.integral_power_dt: bwepoch.fixed_window publishes no default for dispersion, so it has to be stated
    work.integral_force_ds: bwepoch.fixed_window publishes no default for dispersion, so it has to be stated
    work.single_force_displacement_product: bwepoch.fixed_window publishes no default for dispersion, so it has to be stated
movement_onset, on subject 01 trial 1: not ruled on under any of 56 compositions, 0 of 5 entries produced a quantity and a pair needs two
    onset.threshold.noise_relative: bwepoch.fixed_window publishes no default for dispersion, so it has to be stated
    onset.threshold.relative_to_system_weight: bwepoch.fixed_window publishes no default for dispersion, so it has to be stated
    onset.threshold.absolute_force: bwepoch.fixed_window publishes no default for dispersion, so it has to be stated
    onset.threshold.last_within_band: bwepoch.fixed_window publishes no default for dispersion, so it has to be stated
    onset.threshold.adaptive_trailing_window: bwepoch.fixed_window publishes no default for dispersion, so it has to be stated
net_impulse, on subject 01 trial 1: not ruled on under any of 6 compositions, 0 of 4 entries produced a quantity and a pair needs two
    impulse.net_vertical.as_performance_determinant: bwepoch.fixed_window publishes no default for dispersion, so it has to be stated
    integration.rule.trapezoid: bwepoch.fixed_window publishes no default for dispersion, so it has to be stated
    integration.rule.simpson: bwepoch.fixed_window publishes no default for dispersion, so it has to be stated
    integration.rule.rectangle: bwepoch.fixed_window publishes no default for dispersion, so it has to be stated
normalisation_basis, on subject 01 trial 1: not ruled on under any of 38 compositions, 0 of 6 entries produced a quantity and a pair needs two
    normalise.denominator: bwepoch.fixed_window publishes no default for dispersion, so it has to be stated
    norm.absolute: bwepoch.fixed_window publishes no default for dispersion, so it has to be stated
    norm.ratio_bodymass: bwepoch.fixed_window publishes no default for dispersion, so it has to be stated
    norm.allometric: bwepoch.fixed_window publishes no default for dispersion, so it has to be stated
    norm.pct_peak_force: bwepoch.fixed_window publishes no default for dispersion, so it has to be stated
    norm.dimensionless_hof: bwepoch.fixed_window publishes no default for dispersion, so it has to be stated
peak_force, on subject 01 trial 1: not ruled on under any of 4 compositions, 0 of 2 entries produced a quantity and a pair needs two
    force.peak.gross: bwepoch.fixed_window publishes no default for dispersion, so it has to be stated
    force.peak.estimator: bwepoch.fixed_window publishes no default for dispersion, so it has to be stated
phase_model, on subject 01 trial 1: not ruled on under any of 21 compositions, 0 of 5 entries produced a quantity and a pair needs two
    phase.model.unweighting_single.mcmahon2018: bwepoch.fixed_window publishes no default for dispersion, so it has to be stated
    phase.model.unloading_yielding_split.harry2020: bwepoch.fixed_window publishes no default for dispersion, so it has to be stated
    phase.anchor.time_epochs.schmidtbleicher: bwepoch.fixed_window publishes no default for dispersion, so it has to be stated
    phase.model.squat_jump_distinct: bwepoch.fixed_window publishes no default for dispersion, so it has to be stated
    vocab.downward_upward: bwepoch.fixed_window publishes no default for dispersion, so it has to be stated
propulsion_phase_end, on subject 01 trial 1: not ruled on under any of 20 compositions, 0 of 2 entries produced a quantity and a pair needs two
    phase.propulsion_end.peak_com_velocity: bwepoch.fixed_window publishes no default for dispersion, so it has to be stated
    phase.propulsion_end.takeoff: bwepoch.fixed_window publishes no default for dispersion, so it has to be stated
propulsion_phase_start, on subject 01 trial 1: not ruled on under any of 18 compositions, 0 of 4 entries produced a quantity and a pair needs two
    phase.propulsion_start.zero_velocity: bwepoch.fixed_window publishes no default for dispersion, so it has to be stated
    phase.propulsion_start.velocity_threshold: bwepoch.fixed_window publishes no default for dispersion, so it has to be stated
    phase.propulsion_start.peak_grf: bwepoch.fixed_window publishes no default for dispersion, so it has to be stated
    phase.propulsive.accel_above_neg_g: bwepoch.fixed_window publishes no default for dispersion, so it has to be stated
propulsion_subdivision, on subject 01 trial 1: not ruled on under any of 23 compositions, 0 of 2 entries produced a quantity and a pair needs two
    phase.propulsion_subdivision.by_time: bwepoch.fixed_window publishes no default for dispersion, so it has to be stated
    phase.propulsion_subdivision.by_force_crossing: bwepoch.fixed_window publishes no default for dispersion, so it has to be stated
rate_of_force_development, on subject 01 trial 1: not ruled on under any of 24 compositions, 0 of 9 entries produced a quantity and a pair needs two
    rfd.epoch_from_onset.overlapping: bwepoch.fixed_window publishes no default for dispersion, so it has to be stated
    rfd.epoch_from_onset.sequential: bwepoch.fixed_window publishes no default for dispersion, so it has to be stated
    rfd.peak_sliding_window: bwepoch.fixed_window publishes no default for dispersion, so it has to be stated
    rfd.at_fraction_of_peak_force: bwepoch.fixed_window publishes no default for dispersion, so it has to be stated
    rfd.between_force_levels: bwepoch.fixed_window publishes no default for dispersion, so it has to be stated
    rfd.average_to_peak_force: bwepoch.fixed_window publishes no default for dispersion, so it has to be stated
    rfd.phase_endpoint_secant.harry: bwepoch.fixed_window publishes no default for dispersion, so it has to be stated
    rfd.exponential_model.padulles: bwepoch.fixed_window publishes no default for dispersion, so it has to be stated
    rfd.mean_force_over_duration.lapuente: bwepoch.fixed_window publishes no default for dispersion, so it has to be stated
rate_of_power_development, on subject 01 trial 1: not ruled on under any of 33 compositions, 0 of 2 entries produced a quantity and a pair needs two
    rpd.phase_anchored: bwepoch.fixed_window publishes no default for dispersion, so it has to be stated
    rpd.peak_to_peak_anchored.amti: bwepoch.fixed_window publishes no default for dispersion, so it has to be stated
reactive_strength_index, on subject 01 trial 1: not ruled on under any of 16 compositions, 0 of 2 entries produced a quantity and a pair needs two
    rsimod.jh_tov_over_ttt: bwepoch.fixed_window publishes no default for dispersion, so it has to be stated
    rsimod.jh_ft_over_ttt: bwepoch.fixed_window publishes no default for dispersion, so it has to be stated
system_weight, on subject 01 trial 1: not ruled on under any of 56 compositions, 0 of 3 entries produced a quantity and a pair needs two
    bwepoch.fixed_window: bwepoch.fixed_window publishes no default for dispersion, so it has to be stated
    bwepoch.adaptive_lowest_variance: bwepoch.adaptive_lowest_variance publishes no default for dispersion, so it has to be stated
    bwepoch.manual_placement: bwepoch.manual_placement publishes no default for dispersion, so it has to be stated
takeoff, on subject 01 trial 1: not ruled on under any of 56 compositions, 0 of 5 entries produced a quantity and a pair needs two
    takeoff.threshold.absolute_force: bwepoch.fixed_window publishes no default for dispersion, so it has to be stated
    takeoff.threshold.longest_run: bwepoch.fixed_window publishes no default for dispersion, so it has to be stated
    takeoff.threshold.descending_crossing: bwepoch.fixed_window publishes no default for dispersion, so it has to be stated
    takeoff.threshold.flight_noise_k_sd: bwepoch.fixed_window publishes no default for dispersion, so it has to be stated
    takeoff.threshold.landing_shape: bwepoch.fixed_window publishes no default for dispersion, so it has to be stated
trial_validity, on subject 01 trial 1: not ruled on under any of 50 compositions, 0 of 4 entries produced a quantity and a pair needs two
    trial.gate.pretension_ceiling: bwepoch.fixed_window publishes no default for dispersion, so it has to be stated
    qc.countermovement_contamination.chavda2020: bwepoch.fixed_window publishes no default for dispersion, so it has to be stated
    qc.transient_peak_count.pedley2023: bwepoch.fixed_window publishes no default for dispersion, so it has to be stated
    qc.flight_time_acceptance_window: bwepoch.fixed_window publishes no default for dispersion, so it has to be stated
registry: 65 constructs, 263 computation entries, 52 constructs holding two or more entries, 160 entries this build runs no rule for
this build: 40 constructs carry a rule, 26 of them carry two or more, 0 of those ruled on by at least one recording, 0 read as whole and 0 as forked by declaration
read 0 of 26 constructs holding two or more rules, over 0 of 182 entry readings attempted across 2 recordings. 26 unread by every recording, 0 unread by one of them:
  analysis_window, unread by every recording
    phase.window.positive_impulse.net_force_positive: bwepoch.fixed_window publishes no default for dispersion, so it has to be stated
    window_end.fixed_duration.isometric: bwepoch.fixed_window publishes no default for dispersion, so it has to be stated
    window_end.force_dropoff_from_running_max: bwepoch.fixed_window publishes no default for dispersion, so it has to be stated
    window_end.takeoff.detected: bwepoch.fixed_window publishes no default for dispersion, so it has to be stated
  braking_phase_start, unread by every recording
    phase.braking_start.min_force: bwepoch.fixed_window publishes no default for dispersion, so it has to be stated
    phase.braking_start.zero_net_force: bwepoch.fixed_window publishes no default for dispersion, so it has to be stated
  epoch_impulse, unread by every recording
    impulse.epoch_from_onset: bwepoch.fixed_window publishes no default for dispersion, so it has to be stated
    impulse.to_fraction_of_peak_force: bwepoch.fixed_window publishes no default for dispersion, so it has to be stated
  jump_height.standing_frame, unread by every recording
    jumpheight.standing.double_integration: bwepoch.fixed_window publishes no default for dispersion, so it has to be stated
    jumpheight.standing.flight_time_anthropometric_correction.wade2020: bwepoch.fixed_window publishes no default for dispersion, so it has to be stated
    jumpheight.standing.tov_plus_displacement: bwepoch.fixed_window publishes no default for dispersion, so it has to be stated
  jump_height.takeoff_frame, unread by every recording
    jumpheight.dj.box_height_as_drop_height: bwepoch.fixed_window publishes no default for dispersion, so it has to be stated
    jumpheight.dj.mcmahon_correction_factor: bwepoch.fixed_window publishes no default for dispersion, so it has to be stated
    jumpheight.flight_time.ankle_angle_corrected: bwepoch.fixed_window publishes no default for dispersion, so it has to be stated
    jumpheight.takeoff.flight_time: bwepoch.fixed_window publishes no default for dispersion, so it has to be stated
    jumpheight.takeoff.impulse_momentum: bwepoch.fixed_window publishes no default for dispersion, so it has to be stated
    jumpheight.takeoff.peak_velocity.chavda2018: bwepoch.fixed_window publishes no default for dispersion, so it has to be stated
    jumpheight.takeoff.work_energy: bwepoch.fixed_window publishes no default for dispersion, so it has to be stated
  jump_height.undeclared, unread by every recording
    jumpheight.flight_phase_displacement.vald_impdis: bwepoch.fixed_window publishes no default for dispersion, so it has to be stated
    jumpheight.frame: bwepoch.fixed_window publishes no default for dispersion, so it has to be stated
    jumpheight.min_of_ft_and_tov.labanalysis: bwepoch.fixed_window publishes no default for dispersion, so it has to be stated
  jump_type, unread by every recording
    qc.jump_type_autodetection.mass_scaled: bwepoch.fixed_window publishes no default for dispersion, so it has to be stated
    qc.jump_type_autodetection.sams: bwepoch.fixed_window publishes no default for dispersion, so it has to be stated
  landing, unread by every recording
    landing.threshold.absolute_force: bwepoch.fixed_window publishes no default for dispersion, so it has to be stated
    landing.threshold.tied_to_takeoff: bwepoch.fixed_window publishes no default for dispersion, so it has to be stated
  lifting_phase_end, unread by every recording
    phase.lift.end.absolute_force_zero.frost2008: bwepoch.fixed_window publishes no default for dispersion, so it has to be stated
    phase.lift.end.net_force_zero: bwepoch.fixed_window publishes no default for dispersion, so it has to be stated
    phase.lift.end.peak_displacement.lake2012_PD: bwepoch.fixed_window publishes no default for dispersion, so it has to be stated
  lifting_phase_start, unread by every recording
    phase.lift.start.velocity_zero_crossing: bwepoch.fixed_window publishes no default for dispersion, so it has to be stated
    phase.lift.start.visual_inspection.dead_start: bwepoch.fixed_window publishes no default for dispersion, so it has to be stated
  mechanical_power.peak, unread by every recording
    power.peak.instantaneous: bwepoch.fixed_window publishes no default for dispersion, so it has to be stated
    power.peak_from_height.lewis: bwepoch.fixed_window publishes no default for dispersion, so it has to be stated
    power.peak_from_height.regression: bwepoch.fixed_window publishes no default for dispersion, so it has to be stated
  mechanical_work, unread by every recording
    work.integral_force_ds: bwepoch.fixed_window publishes no default for dispersion, so it has to be stated
    work.integral_power_dt: bwepoch.fixed_window publishes no default for dispersion, so it has to be stated
    work.single_force_displacement_product: bwepoch.fixed_window publishes no default for dispersion, so it has to be stated
  movement_onset, unread by every recording
    onset.threshold.absolute_force: bwepoch.fixed_window publishes no default for dispersion, so it has to be stated
    onset.threshold.adaptive_trailing_window: bwepoch.fixed_window publishes no default for dispersion, so it has to be stated
    onset.threshold.last_within_band: bwepoch.fixed_window publishes no default for dispersion, so it has to be stated
    onset.threshold.noise_relative: bwepoch.fixed_window publishes no default for dispersion, so it has to be stated
    onset.threshold.relative_to_system_weight: bwepoch.fixed_window publishes no default for dispersion, so it has to be stated
  net_impulse, unread by every recording
    impulse.net_vertical.as_performance_determinant: bwepoch.fixed_window publishes no default for dispersion, so it has to be stated
    integration.rule.rectangle: bwepoch.fixed_window publishes no default for dispersion, so it has to be stated
    integration.rule.simpson: bwepoch.fixed_window publishes no default for dispersion, so it has to be stated
    integration.rule.trapezoid: bwepoch.fixed_window publishes no default for dispersion, so it has to be stated
  normalisation_basis, unread by every recording
    norm.absolute: bwepoch.fixed_window publishes no default for dispersion, so it has to be stated
    norm.allometric: bwepoch.fixed_window publishes no default for dispersion, so it has to be stated
    norm.dimensionless_hof: bwepoch.fixed_window publishes no default for dispersion, so it has to be stated
    norm.pct_peak_force: bwepoch.fixed_window publishes no default for dispersion, so it has to be stated
    norm.ratio_bodymass: bwepoch.fixed_window publishes no default for dispersion, so it has to be stated
    normalise.denominator: bwepoch.fixed_window publishes no default for dispersion, so it has to be stated
  peak_force, unread by every recording
    force.peak.estimator: bwepoch.fixed_window publishes no default for dispersion, so it has to be stated
    force.peak.gross: bwepoch.fixed_window publishes no default for dispersion, so it has to be stated
  phase_model, unread by every recording
    phase.anchor.time_epochs.schmidtbleicher: bwepoch.fixed_window publishes no default for dispersion, so it has to be stated
    phase.model.squat_jump_distinct: bwepoch.fixed_window publishes no default for dispersion, so it has to be stated
    phase.model.unloading_yielding_split.harry2020: bwepoch.fixed_window publishes no default for dispersion, so it has to be stated
    phase.model.unweighting_single.mcmahon2018: bwepoch.fixed_window publishes no default for dispersion, so it has to be stated
    vocab.downward_upward: bwepoch.fixed_window publishes no default for dispersion, so it has to be stated
  propulsion_phase_end, unread by every recording
    phase.propulsion_end.peak_com_velocity: bwepoch.fixed_window publishes no default for dispersion, so it has to be stated
    phase.propulsion_end.takeoff: bwepoch.fixed_window publishes no default for dispersion, so it has to be stated
  propulsion_phase_start, unread by every recording
    phase.propulsion_start.peak_grf: bwepoch.fixed_window publishes no default for dispersion, so it has to be stated
    phase.propulsion_start.velocity_threshold: bwepoch.fixed_window publishes no default for dispersion, so it has to be stated
    phase.propulsion_start.zero_velocity: bwepoch.fixed_window publishes no default for dispersion, so it has to be stated
    phase.propulsive.accel_above_neg_g: bwepoch.fixed_window publishes no default for dispersion, so it has to be stated
  propulsion_subdivision, unread by every recording
    phase.propulsion_subdivision.by_force_crossing: bwepoch.fixed_window publishes no default for dispersion, so it has to be stated
    phase.propulsion_subdivision.by_time: bwepoch.fixed_window publishes no default for dispersion, so it has to be stated
  rate_of_force_development, unread by every recording
    rfd.at_fraction_of_peak_force: bwepoch.fixed_window publishes no default for dispersion, so it has to be stated
    rfd.average_to_peak_force: bwepoch.fixed_window publishes no default for dispersion, so it has to be stated
    rfd.between_force_levels: bwepoch.fixed_window publishes no default for dispersion, so it has to be stated
    rfd.epoch_from_onset.overlapping: bwepoch.fixed_window publishes no default for dispersion, so it has to be stated
    rfd.epoch_from_onset.sequential: bwepoch.fixed_window publishes no default for dispersion, so it has to be stated
    rfd.exponential_model.padulles: bwepoch.fixed_window publishes no default for dispersion, so it has to be stated
    rfd.mean_force_over_duration.lapuente: bwepoch.fixed_window publishes no default for dispersion, so it has to be stated
    rfd.peak_sliding_window: bwepoch.fixed_window publishes no default for dispersion, so it has to be stated
    rfd.phase_endpoint_secant.harry: bwepoch.fixed_window publishes no default for dispersion, so it has to be stated
  rate_of_power_development, unread by every recording
    rpd.peak_to_peak_anchored.amti: bwepoch.fixed_window publishes no default for dispersion, so it has to be stated
    rpd.phase_anchored: bwepoch.fixed_window publishes no default for dispersion, so it has to be stated
  reactive_strength_index, unread by every recording
    rsimod.jh_ft_over_ttt: bwepoch.fixed_window publishes no default for dispersion, so it has to be stated
    rsimod.jh_tov_over_ttt: bwepoch.fixed_window publishes no default for dispersion, so it has to be stated
  system_weight, unread by every recording
    bwepoch.adaptive_lowest_variance: bwepoch.adaptive_lowest_variance publishes no default for dispersion, so it has to be stated
    bwepoch.fixed_window: bwepoch.fixed_window publishes no default for dispersion, so it has to be stated
    bwepoch.manual_placement: bwepoch.manual_placement publishes no default for dispersion, so it has to be stated
  takeoff, unread by every recording
    takeoff.threshold.absolute_force: bwepoch.fixed_window publishes no default for dispersion, so it has to be stated
    takeoff.threshold.descending_crossing: bwepoch.fixed_window publishes no default for dispersion, so it has to be stated
    takeoff.threshold.flight_noise_k_sd: bwepoch.fixed_window publishes no default for dispersion, so it has to be stated
    takeoff.threshold.landing_shape: bwepoch.fixed_window publishes no default for dispersion, so it has to be stated
    takeoff.threshold.longest_run: bwepoch.fixed_window publishes no default for dispersion, so it has to be stated
  trial_validity, unread by every recording
    qc.countermovement_contamination.chavda2020: bwepoch.fixed_window publishes no default for dispersion, so it has to be stated
    qc.flight_time_acceptance_window: bwepoch.fixed_window publishes no default for dispersion, so it has to be stated
    qc.transient_peak_count.pedley2023: bwepoch.fixed_window publishes no default for dispersion, so it has to be stated
    trial.gate.pretension_ceiling: bwepoch.fixed_window publishes no default for dispersion, so it has to be stated

thread 'pipeline::tests::a_construct_holds_rules_that_all_answer_its_question_or_all_answer_their_own' (3339390) panicked at crates/plateforce-analysis/src/pipeline.rs:1854:9:
only 0 constructs were ruled on, so this read less than it did when this floor was set


failures:
    pipeline::tests::a_construct_holds_rules_that_all_answer_its_question_or_all_answer_their_own
    pipeline::tests::a_method_absent_from_the_registry_is_marked_unbacked_rather_than_hidden
    pipeline::tests::a_rule_reading_a_placed_sample_is_declared_after_the_rule_that_places_it
    pipeline::tests::dragging_a_marker_is_recorded_as_the_sample_the_hand_placed
    pipeline::tests::every_binding_this_build_advertises_actually_runs
    pipeline::tests::every_metric_names_the_methods_that_produced_it
    pipeline::tests::every_rule_computed_from_the_landmarks_reports_what_it_declares
    pipeline::tests::recording_what_each_rule_resolved_moved_no_number
    pipeline::tests::the_degenerate_band_policy_is_recorded_whichever_branch_ran
    pipeline::tests::the_longest_run_rule_warns_when_it_skips_the_first_flight_phase
    pipeline::tests::the_reading_reaches_whole_forked_and_faulted
    pipeline::tests::the_reading_that_tells_one_answer_from_two_answers_both_ways
    pipeline::tests::the_weighing_bindings_all_produce_a_window
    slots::integration_rule::tests::every_registry_quadrature_runs_and_names_the_rule_that_integrated
    spread::a_slot_the_sweep_cannot_vary::a_slot_the_sweep_does_know_still_moves_the_number
    spread::a_slot_the_sweep_cannot_vary::the_gravity_field_is_not_a_slot_and_still_sweeps
    spread::tests::a_reason_is_only_written_against_a_quantity_the_declining_rule_produced
    spread::tests::a_spread_is_withheld_where_one_number_is_all_the_sweep_produced
    spread::tests::a_variant_that_fails_is_listed_with_a_reason_and_not_dropped
    spread::tests::an_axis_naming_nothing_to_vary_is_refused_rather_than_collapsing_the_sweep_beside_it
    spread::tests::sweeping_a_slot_releases_its_dragged_marker
    spread::tests::the_names_a_rule_takes_sweep_the_way_its_numbers_do
    spread::tests::the_order_the_caller_listed_the_rules_in_does_not_reach_the_document
    spread::tests::the_order_the_caller_typed_the_names_in_does_not_reach_the_document
    spread::tests::the_order_the_caller_typed_the_values_in_does_not_reach_the_document
    spread::tests::the_published_values_of_one_parameter_move_the_number

test result: FAILED. 26 passed; 26 failed; 0 ignored; 0 measured; 0 filtered out; finished in 0.85s

error: test failed, to rerun pass `-p plateforce-analysis --lib`
     Running tests/a_chain_names_the_rules_its_number_rests_on.rs (target/debug/deps/a_chain_names_the_rules_its_number_rests_on-9c3731f0fdb99d7c)

running 3 tests
test the_weighing_rule_is_named_by_the_landmarks_that_read_it_and_not_by_the_ones_that_did_not ... FAILED
test flight_time_names_no_onset_rule_under_any_onset_rule ... FAILED
test every_landmark_rule_says_which_landmarks_it_reads ... FAILED

failures:

---- the_weighing_rule_is_named_by_the_landmarks_that_read_it_and_not_by_the_ones_that_did_not stdout ----

thread 'the_weighing_rule_is_named_by_the_landmarks_that_read_it_and_not_by_the_ones_that_did_not' (3339762) panicked at crates/plateforce-analysis/tests/a_chain_names_the_rules_its_number_rests_on.rs:149:6:
well formed: Refusal { code: RequiredParameterUnstated, method_id: "bwepoch.fixed_window", slot: Some("system_weight"), parameter: Some("dispersion"), value: None, named_value: None, detail: {}, available: [], message: "bwepoch.fixed_window publishes no default for dispersion, so it has to be stated" }

---- flight_time_names_no_onset_rule_under_any_onset_rule stdout ----

thread 'flight_time_names_no_onset_rule_under_any_onset_rule' (3339761) panicked at crates/plateforce-analysis/tests/a_chain_names_the_rules_its_number_rests_on.rs:91:10:
well formed: Refusal { code: RequiredParameterUnstated, method_id: "bwepoch.fixed_window", slot: Some("system_weight"), parameter: Some("dispersion"), value: None, named_value: None, detail: {}, available: [], message: "bwepoch.fixed_window publishes no default for dispersion, so it has to be stated" }

---- every_landmark_rule_says_which_landmarks_it_reads stdout ----

thread 'every_landmark_rule_says_which_landmarks_it_reads' (3339760) panicked at crates/plateforce-analysis/tests/a_chain_names_the_rules_its_number_rests_on.rs:200:33:
onset.threshold.noise_relative could not be reached: bwepoch.fixed_window publishes no default for dispersion, so it has to be stated
note: run with `RUST_BACKTRACE=1` environment variable to display a backtrace


failures:
    every_landmark_rule_says_which_landmarks_it_reads
    flight_time_names_no_onset_rule_under_any_onset_rule
    the_weighing_rule_is_named_by_the_landmarks_that_read_it_and_not_by_the_ones_that_did_not

test result: FAILED. 0 passed; 3 failed; 0 ignored; 0 measured; 0 filtered out; finished in 0.00s

error: test failed, to rerun pass `-p plateforce-analysis --test a_chain_names_the_rules_its_number_rests_on`
     Running tests/a_drop_jump_height_names_the_landing_it_rested_on.rs (target/debug/deps/a_drop_jump_height_names_the_landing_it_rested_on-75cb90a7d6f9d1af)

running 8 tests
test a_drop_jump_height_rests_on_the_arrival_the_standing_period_recovers ... FAILED
test a_landing_after_takeoff_is_refused_rather_than_integrated_backwards ... FAILED
test assuming_the_box_and_recovering_the_arrival_do_not_agree ... FAILED
test the_two_landing_rules_place_different_instants_on_a_drop_jump ... FAILED
test a_weighing_window_before_the_jump_is_refused_by_name ... FAILED
test the_height_names_the_landing_rule_that_placed_its_start ... FAILED
test the_spine_reads_the_drop_jump_the_way_the_trace_was_built ... FAILED
test the_correction_leaves_the_height_where_the_integration_started_out_of_it ... FAILED

failures:

---- a_drop_jump_height_rests_on_the_arrival_the_standing_period_recovers stdout ----

thread 'a_drop_jump_height_rests_on_the_arrival_the_standing_period_recovers' (3339769) panicked at crates/plateforce-analysis/tests/a_drop_jump_height_names_the_landing_it_rested_on.rs:197:10:
the drop-jump height runs: Refusal { code: RequiredParameterUnstated, method_id: "bwepoch.fixed_window", slot: Some("system_weight"), parameter: Some("dispersion"), value: None, named_value: None, detail: {}, available: [], message: "bwepoch.fixed_window publishes no default for dispersion, so it has to be stated" }
note: run with `RUST_BACKTRACE=1` environment variable to display a backtrace

---- a_landing_after_takeoff_is_refused_rather_than_integrated_backwards stdout ----

thread 'a_landing_after_takeoff_is_refused_rather_than_integrated_backwards' (3339770) panicked at crates/plateforce-analysis/tests/a_drop_jump_height_names_the_landing_it_rested_on.rs:273:66:
the analysis runs: Refusal { code: RequiredParameterUnstated, method_id: "bwepoch.fixed_window", slot: Some("system_weight"), parameter: Some("dispersion"), value: None, named_value: None, detail: {}, available: [], message: "bwepoch.fixed_window publishes no default for dispersion, so it has to be stated" }

---- assuming_the_box_and_recovering_the_arrival_do_not_agree stdout ----

thread 'assuming_the_box_and_recovering_the_arrival_do_not_agree' (3339773) panicked at crates/plateforce-analysis/tests/a_drop_jump_height_names_the_landing_it_rested_on.rs:396:71:
mcmahon runs: Refusal { code: RequiredParameterUnstated, method_id: "bwepoch.fixed_window", slot: Some("system_weight"), parameter: Some("dispersion"), value: None, named_value: None, detail: {}, available: [], message: "bwepoch.fixed_window publishes no default for dispersion, so it has to be stated" }

---- the_two_landing_rules_place_different_instants_on_a_drop_jump stdout ----

thread 'the_two_landing_rules_place_different_instants_on_a_drop_jump' (3339777) panicked at crates/plateforce-analysis/tests/a_drop_jump_height_names_the_landing_it_rested_on.rs:246:73:
the landing runs: Refusal { code: RequiredParameterUnstated, method_id: "bwepoch.fixed_window", slot: Some("system_weight"), parameter: Some("dispersion"), value: None, named_value: None, detail: {}, available: [], message: "bwepoch.fixed_window publishes no default for dispersion, so it has to be stated" }

---- a_weighing_window_before_the_jump_is_refused_by_name stdout ----

thread 'a_weighing_window_before_the_jump_is_refused_by_name' (3339772) panicked at crates/plateforce-analysis/tests/a_drop_jump_height_names_the_landing_it_rested_on.rs:295:42:
the analysis runs: Refusal { code: RequiredParameterUnstated, method_id: "bwepoch.fixed_window", slot: Some("system_weight"), parameter: Some("dispersion"), value: None, named_value: None, detail: {}, available: [], message: "bwepoch.fixed_window publishes no default for dispersion, so it has to be stated" }

---- the_height_names_the_landing_rule_that_placed_its_start stdout ----

thread 'the_height_names_the_landing_rule_that_placed_its_start' (3339775) panicked at crates/plateforce-analysis/tests/a_drop_jump_height_names_the_landing_it_rested_on.rs:214:10:
the drop-jump height runs: Refusal { code: RequiredParameterUnstated, method_id: "bwepoch.fixed_window", slot: Some("system_weight"), parameter: Some("dispersion"), value: None, named_value: None, detail: {}, available: [], message: "bwepoch.fixed_window publishes no default for dispersion, so it has to be stated" }

---- the_spine_reads_the_drop_jump_the_way_the_trace_was_built stdout ----

thread 'the_spine_reads_the_drop_jump_the_way_the_trace_was_built' (3339776) panicked at crates/plateforce-analysis/tests/a_drop_jump_height_names_the_landing_it_rested_on.rs:176:47:
the spine runs: Refusal { code: RequiredParameterUnstated, method_id: "bwepoch.fixed_window", slot: Some("system_weight"), parameter: Some("dispersion"), value: None, named_value: None, detail: {}, available: [], message: "bwepoch.fixed_window publishes no default for dispersion, so it has to be stated" }

---- the_correction_leaves_the_height_where_the_integration_started_out_of_it stdout ----

thread 'the_correction_leaves_the_height_where_the_integration_started_out_of_it' (3339774) panicked at crates/plateforce-analysis/tests/a_drop_jump_height_names_the_landing_it_rested_on.rs:355:46:
the analysis runs: Refusal { code: RequiredParameterUnstated, method_id: "bwepoch.fixed_window", slot: Some("system_weight"), parameter: Some("dispersion"), value: None, named_value: None, detail: {}, available: [], message: "bwepoch.fixed_window publishes no default for dispersion, so it has to be stated" }


failures:
    a_drop_jump_height_rests_on_the_arrival_the_standing_period_recovers
    a_landing_after_takeoff_is_refused_rather_than_integrated_backwards
    a_weighing_window_before_the_jump_is_refused_by_name
    assuming_the_box_and_recovering_the_arrival_do_not_agree
    the_correction_leaves_the_height_where_the_integration_started_out_of_it
    the_height_names_the_landing_rule_that_placed_its_start
    the_spine_reads_the_drop_jump_the_way_the_trace_was_built
    the_two_landing_rules_place_different_instants_on_a_drop_jump

test result: FAILED. 0 passed; 8 failed; 0 ignored; 0 measured; 0 filtered out; finished in 0.00s

error: test failed, to rerun pass `-p plateforce-analysis --test a_drop_jump_height_names_the_landing_it_rested_on`
     Running tests/a_height_that_needs_a_measurement_asks_for_it_by_name.rs (target/debug/deps/a_height_that_needs_a_measurement_asks_for_it_by_name-abb42f41c30aa991)

running 5 tests
test a_drop_the_contact_phase_cannot_pay_for_is_refused_over_the_height_stated ... FAILED
test each_correction_moves_its_height_the_way_its_source_says ... FAILED
test each_rule_computes_on_the_corpus_trial_and_names_the_entry_that_did_it ... FAILED
test a_stated_box_height_moves_the_height_by_the_arrival_it_implies ... FAILED
test a_rule_whose_measurement_is_unstated_refuses_over_that_name ... FAILED

failures:

---- a_drop_the_contact_phase_cannot_pay_for_is_refused_over_the_height_stated stdout ----

thread 'a_drop_the_contact_phase_cannot_pay_for_is_refused_over_the_height_stated' (3339785) panicked at crates/plateforce-analysis/tests/a_height_that_needs_a_measurement_asks_for_it_by_name.rs:317:6:
the request is well formed: Refusal { code: RequiredParameterUnstated, method_id: "bwepoch.fixed_window", slot: Some("system_weight"), parameter: Some("dispersion"), value: None, named_value: None, detail: {}, available: [], message: "bwepoch.fixed_window publishes no default for dispersion, so it has to be stated" }
note: run with `RUST_BACKTRACE=1` environment variable to display a backtrace

---- each_correction_moves_its_height_the_way_its_source_says stdout ----

thread 'each_correction_moves_its_height_the_way_its_source_says' (3339788) panicked at crates/plateforce-analysis/tests/a_height_that_needs_a_measurement_asks_for_it_by_name.rs:364:10:
the request is well formed: Refusal { code: RequiredParameterUnstated, method_id: "bwepoch.fixed_window", slot: Some("system_weight"), parameter: Some("dispersion"), value: None, named_value: None, detail: {}, available: [], message: "bwepoch.fixed_window publishes no default for dispersion, so it has to be stated" }

---- each_rule_computes_on_the_corpus_trial_and_names_the_entry_that_did_it stdout ----

thread 'each_rule_computes_on_the_corpus_trial_and_names_the_entry_that_did_it' (3339789) panicked at crates/plateforce-analysis/tests/a_height_that_needs_a_measurement_asks_for_it_by_name.rs:171:14:
the request is well formed: Refusal { code: RequiredParameterUnstated, method_id: "bwepoch.fixed_window", slot: Some("system_weight"), parameter: Some("dispersion"), value: None, named_value: None, detail: {}, available: [], message: "bwepoch.fixed_window publishes no default for dispersion, so it has to be stated" }

---- a_stated_box_height_moves_the_height_by_the_arrival_it_implies stdout ----

thread 'a_stated_box_height_moves_the_height_by_the_arrival_it_implies' (3339787) panicked at crates/plateforce-analysis/tests/a_height_that_needs_a_measurement_asks_for_it_by_name.rs:267:14:
the request is well formed: Refusal { code: RequiredParameterUnstated, method_id: "bwepoch.fixed_window", slot: Some("system_weight"), parameter: Some("dispersion"), value: None, named_value: None, detail: {}, available: [], message: "bwepoch.fixed_window publishes no default for dispersion, so it has to be stated" }

---- a_rule_whose_measurement_is_unstated_refuses_over_that_name stdout ----

thread 'a_rule_whose_measurement_is_unstated_refuses_over_that_name' (3339786) panicked at crates/plateforce-analysis/tests/a_height_that_needs_a_measurement_asks_for_it_by_name.rs:228:61:
the request is well formed: Refusal { code: RequiredParameterUnstated, method_id: "bwepoch.fixed_window", slot: Some("system_weight"), parameter: Some("dispersion"), value: None, named_value: None, detail: {}, available: [], message: "bwepoch.fixed_window publishes no default for dispersion, so it has to be stated" }


failures:
    a_drop_the_contact_phase_cannot_pay_for_is_refused_over_the_height_stated
    a_rule_whose_measurement_is_unstated_refuses_over_that_name
    a_stated_box_height_moves_the_height_by_the_arrival_it_implies
    each_correction_moves_its_height_the_way_its_source_says
    each_rule_computes_on_the_corpus_trial_and_names_the_entry_that_did_it

test result: FAILED. 0 passed; 5 failed; 0 ignored; 0 measured; 0 filtered out; finished in 0.01s

error: test failed, to rerun pass `-p plateforce-analysis --test a_height_that_needs_a_measurement_asks_for_it_by_name`
     Running tests/a_landing_the_caller_placed_says_so.rs (target/debug/deps/a_landing_the_caller_placed_says_so-eb41ffe1ede562ab)

running 4 tests
test a_stated_landing_and_a_found_one_do_not_fingerprint_alike ... FAILED
test a_number_that_never_reads_the_landing_does_not_carry_it ... FAILED
test two_stated_landings_do_not_fingerprint_alike ... FAILED
test every_rule_carrying_the_landing_is_one_that_reads_it ... FAILED

failures:

---- a_stated_landing_and_a_found_one_do_not_fingerprint_alike stdout ----

thread 'a_stated_landing_and_a_found_one_do_not_fingerprint_alike' (3339806) panicked at crates/plateforce-analysis/tests/a_landing_the_caller_placed_says_so.rs:140:45:
the request is well formed: Refusal { code: RequiredParameterUnstated, method_id: "bwepoch.fixed_window", slot: Some("system_weight"), parameter: Some("dispersion"), value: None, named_value: None, detail: {}, available: [], message: "bwepoch.fixed_window publishes no default for dispersion, so it has to be stated" }

---- a_number_that_never_reads_the_landing_does_not_carry_it stdout ----

thread 'a_number_that_never_reads_the_landing_does_not_carry_it' (3339805) panicked at crates/plateforce-analysis/tests/a_landing_the_caller_placed_says_so.rs:225:45:
the request is well formed: Refusal { code: RequiredParameterUnstated, method_id: "bwepoch.fixed_window", slot: Some("system_weight"), parameter: Some("dispersion"), value: None, named_value: None, detail: {}, available: [], message: "bwepoch.fixed_window publishes no default for dispersion, so it has to be stated" }
note: run with `RUST_BACKTRACE=1` environment variable to display a backtrace

---- two_stated_landings_do_not_fingerprint_alike stdout ----

thread 'two_stated_landings_do_not_fingerprint_alike' (3339808) panicked at crates/plateforce-analysis/tests/a_landing_the_caller_placed_says_so.rs:198:45:
the request is well formed: Refusal { code: RequiredParameterUnstated, method_id: "bwepoch.fixed_window", slot: Some("system_weight"), parameter: Some("dispersion"), value: None, named_value: None, detail: {}, available: [], message: "bwepoch.fixed_window publishes no default for dispersion, so it has to be stated" }

---- every_rule_carrying_the_landing_is_one_that_reads_it stdout ----

thread 'every_rule_carrying_the_landing_is_one_that_reads_it' (3339807) panicked at crates/plateforce-analysis/tests/a_landing_the_caller_placed_says_so.rs:270:45:
the request is well formed: Refusal { code: RequiredParameterUnstated, method_id: "bwepoch.fixed_window", slot: Some("system_weight"), parameter: Some("dispersion"), value: None, named_value: None, detail: {}, available: [], message: "bwepoch.fixed_window publishes no default for dispersion, so it has to be stated" }


failures:
    a_number_that_never_reads_the_landing_does_not_carry_it
    a_stated_landing_and_a_found_one_do_not_fingerprint_alike
    every_rule_carrying_the_landing_is_one_that_reads_it
    two_stated_landings_do_not_fingerprint_alike

test result: FAILED. 0 passed; 4 failed; 0 ignored; 0 measured; 0 filtered out; finished in 0.01s

error: test failed, to rerun pass `-p plateforce-analysis --test a_landing_the_caller_placed_says_so`
     Running tests/a_landmark_a_hand_placed_says_so.rs (target/debug/deps/a_landmark_a_hand_placed_says_so-2e7a61e2ea7b8573)

running 3 tests
test two_hands_placing_two_samples_do_not_fingerprint_as_one_result ... FAILED
test one_hand_placing_one_sample_twice_is_one_result ... FAILED
test the_sample_a_hand_placed_reaches_the_row_whose_landmark_it_placed ... FAILED

failures:

---- two_hands_placing_two_samples_do_not_fingerprint_as_one_result stdout ----

thread 'two_hands_placing_two_samples_do_not_fingerprint_as_one_result' (3339825) panicked at crates/plateforce-analysis/tests/a_landmark_a_hand_placed_says_so.rs:92:41:
the trace supports an analysis: Refusal { code: RequiredParameterUnstated, method_id: "bwepoch.fixed_window", slot: Some("system_weight"), parameter: Some("dispersion"), value: None, named_value: None, detail: {}, available: [], message: "bwepoch.fixed_window publishes no default for dispersion, so it has to be stated" }

---- one_hand_placing_one_sample_twice_is_one_result stdout ----

thread 'one_hand_placing_one_sample_twice_is_one_result' (3339823) panicked at crates/plateforce-analysis/tests/a_landmark_a_hand_placed_says_so.rs:92:41:
the trace supports an analysis: Refusal { code: RequiredParameterUnstated, method_id: "bwepoch.fixed_window", slot: Some("system_weight"), parameter: Some("dispersion"), value: None, named_value: None, detail: {}, available: [], message: "bwepoch.fixed_window publishes no default for dispersion, so it has to be stated" }
note: run with `RUST_BACKTRACE=1` environment variable to display a backtrace

---- the_sample_a_hand_placed_reaches_the_row_whose_landmark_it_placed stdout ----

thread 'the_sample_a_hand_placed_reaches_the_row_whose_landmark_it_placed' (3339824) panicked at crates/plateforce-analysis/tests/a_landmark_a_hand_placed_says_so.rs:92:41:
the trace supports an analysis: Refusal { code: RequiredParameterUnstated, method_id: "bwepoch.fixed_window", slot: Some("system_weight"), parameter: Some("dispersion"), value: None, named_value: None, detail: {}, available: [], message: "bwepoch.fixed_window publishes no default for dispersion, so it has to be stated" }


failures:
    one_hand_placing_one_sample_twice_is_one_result
    the_sample_a_hand_placed_reaches_the_row_whose_landmark_it_placed
    two_hands_placing_two_samples_do_not_fingerprint_as_one_result

test result: FAILED. 0 passed; 3 failed; 0 ignored; 0 measured; 0 filtered out; finished in 0.00s

error: test failed, to rerun pass `-p plateforce-analysis --test a_landmark_a_hand_placed_says_so`
     Running tests/a_name_the_caller_states_is_read_or_refused_never_dropped.rs (target/debug/deps/a_name_the_caller_states_is_read_or_refused_never_dropped-427c810bf0599221)

running 5 tests
test a_retreat_cap_this_rule_runs_without_is_declined_by_name ... FAILED
test both_rules_under_one_entry_decline_a_band_with_no_width ... FAILED
test the_retreat_a_caller_names_lands_somewhere_else_than_the_fixed_step ... FAILED
test the_sweep_reaches_enumerated_names_on_every_spine_construct ... FAILED
test every_published_value_of_every_offered_name_is_read_or_declined ... FAILED

failures:

---- a_retreat_cap_this_rule_runs_without_is_declined_by_name stdout ----

thread 'a_retreat_cap_this_rule_runs_without_is_declined_by_name' (3339835) panicked at crates/plateforce-analysis/tests/a_name_the_caller_states_is_read_or_refused_never_dropped.rs:368:41:
the trial analyses: Refusal { code: RequiredParameterUnstated, method_id: "bwepoch.fixed_window", slot: Some("system_weight"), parameter: Some("dispersion"), value: None, named_value: None, detail: {}, available: [], message: "bwepoch.fixed_window publishes no default for dispersion, so it has to be stated" }
note: run with `RUST_BACKTRACE=1` environment variable to display a backtrace

---- both_rules_under_one_entry_decline_a_band_with_no_width stdout ----

thread 'both_rules_under_one_entry_decline_a_band_with_no_width' (3339836) panicked at crates/plateforce-analysis/tests/a_name_the_caller_states_is_read_or_refused_never_dropped.rs:426:63:
the trial analyses: Refusal { code: RequiredParameterUnstated, method_id: "bwepoch.fixed_window", slot: Some("system_weight"), parameter: Some("dispersion"), value: None, named_value: None, detail: {}, available: [], message: "bwepoch.fixed_window publishes no default for dispersion, so it has to be stated" }

---- the_retreat_a_caller_names_lands_somewhere_else_than_the_fixed_step stdout ----

thread 'the_retreat_a_caller_names_lands_somewhere_else_than_the_fixed_step' (3339838) panicked at crates/plateforce-analysis/tests/a_name_the_caller_states_is_read_or_refused_never_dropped.rs:316:6:
the fixed step runs: Refusal { code: RequiredParameterUnstated, method_id: "bwepoch.fixed_window", slot: Some("system_weight"), parameter: Some("dispersion"), value: None, named_value: None, detail: {}, available: [], message: "bwepoch.fixed_window publishes no default for dispersion, so it has to be stated" }

---- the_sweep_reaches_enumerated_names_on_every_spine_construct stdout ----
0 enumerated names over {}

thread 'the_sweep_reaches_enumerated_names_on_every_spine_construct' (3339839) panicked at crates/plateforce-analysis/tests/a_name_the_caller_states_is_read_or_refused_never_dropped.rs:245:5:
assertion `left == right` failed: the sweep reaches enumerated names on {} alone, so every count in this file is over a slice of the build while reading as a count over it
  left: 0
 right: 3

---- every_published_value_of_every_offered_name_is_read_or_declined stdout ----
0 read, 0 declined, 0 dropped

thread 'every_published_value_of_every_offered_name_is_read_or_declined' (3339837) panicked at crates/plateforce-analysis/tests/a_name_the_caller_states_is_read_or_refused_never_dropped.rs:284:5:
0 values swept is fewer than the spine publishes, so this assertion is over the wrong population


failures:
    a_retreat_cap_this_rule_runs_without_is_declined_by_name
    both_rules_under_one_entry_decline_a_band_with_no_width
    every_published_value_of_every_offered_name_is_read_or_declined
    the_retreat_a_caller_names_lands_somewhere_else_than_the_fixed_step
    the_sweep_reaches_enumerated_names_on_every_spine_construct

test result: FAILED. 0 passed; 5 failed; 0 ignored; 0 measured; 0 filtered out; finished in 0.15s

error: test failed, to rerun pass `-p plateforce-analysis --test a_name_the_caller_states_is_read_or_refused_never_dropped`
     Running tests/a_number_names_every_entry_behind_it_whichever_phase_ran_it.rs (target/debug/deps/a_number_names_every_entry_behind_it_whichever_phase_ran_it-76f8caffd0f6faf6)

running 4 tests
test the_entry_a_headline_number_names_is_one_that_ran ... FAILED
test one_entry_leaves_one_chain_whether_or_not_the_caller_named_the_rule ... FAILED
test a_number_the_derived_phase_produced_names_the_operators_and_the_integration_entries ... FAILED
test the_spine_holds_no_second_expression_of_a_number_a_rule_now_produces ... ok

failures:

---- the_entry_a_headline_number_names_is_one_that_ran stdout ----

thread 'the_entry_a_headline_number_names_is_one_that_ran' (3339987) panicked at crates/plateforce-analysis/tests/a_number_names_every_entry_behind_it_whichever_phase_ran_it.rs:190:63:
the spine runs: Refusal { code: RequiredParameterUnstated, method_id: "bwepoch.fixed_window", slot: Some("system_weight"), parameter: Some("dispersion"), value: None, named_value: None, detail: {}, available: [], message: "bwepoch.fixed_window publishes no default for dispersion, so it has to be stated" }
note: run with `RUST_BACKTRACE=1` environment variable to display a backtrace

---- one_entry_leaves_one_chain_whether_or_not_the_caller_named_the_rule stdout ----

thread 'one_entry_leaves_one_chain_whether_or_not_the_caller_named_the_rule' (3339986) panicked at crates/plateforce-analysis/tests/a_number_names_every_entry_behind_it_whichever_phase_ran_it.rs:159:41:
the spine runs: Refusal { code: RequiredParameterUnstated, method_id: "bwepoch.fixed_window", slot: Some("system_weight"), parameter: Some("dispersion"), value: None, named_value: None, detail: {}, available: [], message: "bwepoch.fixed_window publishes no default for dispersion, so it has to be stated" }

---- a_number_the_derived_phase_produced_names_the_operators_and_the_integration_entries stdout ----

thread 'a_number_the_derived_phase_produced_names_the_operators_and_the_integration_entries' (3339985) panicked at crates/plateforce-analysis/tests/a_number_names_every_entry_behind_it_whichever_phase_ran_it.rs:96:79:
it runs: Refusal { code: RequiredParameterUnstated, method_id: "bwepoch.fixed_window", slot: Some("system_weight"), parameter: Some("dispersion"), value: None, named_value: None, detail: {}, available: [], message: "bwepoch.fixed_window publishes no default for dispersion, so it has to be stated" }


failures:
    a_number_the_derived_phase_produced_names_the_operators_and_the_integration_entries
    one_entry_leaves_one_chain_whether_or_not_the_caller_named_the_rule
    the_entry_a_headline_number_names_is_one_that_ran

test result: FAILED. 1 passed; 3 failed; 0 ignored; 0 measured; 0 filtered out; finished in 0.00s

error: test failed, to rerun pass `-p plateforce-analysis --test a_number_names_every_entry_behind_it_whichever_phase_ran_it`
     Running tests/a_number_that_is_not_a_number_is_not_a_number_nobody_computed.rs (target/debug/deps/a_number_that_is_not_a_number_is_not_a_number_nobody_computed-3a01539aac5a3859)

running 5 tests
test the_wire_tells_a_number_that_is_not_a_number_from_a_number_nobody_computed ... FAILED
test no_metric_carries_a_value_that_is_not_a_number ... FAILED
test the_response_counts_the_samples_the_recording_lost ... FAILED
test an_intact_recording_puts_a_metric_in_neither_state ... FAILED
test the_weighing_statistics_and_their_metrics_agree_about_having_no_number ... FAILED

failures:

---- the_wire_tells_a_number_that_is_not_a_number_from_a_number_nobody_computed stdout ----

thread 'the_wire_tells_a_number_that_is_not_a_number_from_a_number_nobody_computed' (3339996) panicked at crates/plateforce-analysis/tests/a_number_that_is_not_a_number_is_not_a_number_nobody_computed.rs:76:35:
this request produces a document on both recordings: Refusal { code: RequiredParameterUnstated, method_id: "bwepoch.fixed_window", slot: Some("system_weight"), parameter: Some("dispersion"), value: None, named_value: None, detail: {}, available: [], message: "bwepoch.fixed_window publishes no default for dispersion, so it has to be stated" }
note: run with `RUST_BACKTRACE=1` environment variable to display a backtrace

---- no_metric_carries_a_value_that_is_not_a_number stdout ----

thread 'no_metric_carries_a_value_that_is_not_a_number' (3339993) panicked at crates/plateforce-analysis/tests/a_number_that_is_not_a_number_is_not_a_number_nobody_computed.rs:76:35:
this request produces a document on both recordings: Refusal { code: RequiredParameterUnstated, method_id: "bwepoch.fixed_window", slot: Some("system_weight"), parameter: Some("dispersion"), value: None, named_value: None, detail: {}, available: [], message: "bwepoch.fixed_window publishes no default for dispersion, so it has to be stated" }

---- the_response_counts_the_samples_the_recording_lost stdout ----

thread 'the_response_counts_the_samples_the_recording_lost' (3339994) panicked at crates/plateforce-analysis/tests/a_number_that_is_not_a_number_is_not_a_number_nobody_computed.rs:76:35:
this request produces a document on both recordings: Refusal { code: RequiredParameterUnstated, method_id: "bwepoch.fixed_window", slot: Some("system_weight"), parameter: Some("dispersion"), value: None, named_value: None, detail: {}, available: [], message: "bwepoch.fixed_window publishes no default for dispersion, so it has to be stated" }

---- an_intact_recording_puts_a_metric_in_neither_state stdout ----

thread 'an_intact_recording_puts_a_metric_in_neither_state' (3339992) panicked at crates/plateforce-analysis/tests/a_number_that_is_not_a_number_is_not_a_number_nobody_computed.rs:76:35:
this request produces a document on both recordings: Refusal { code: RequiredParameterUnstated, method_id: "bwepoch.fixed_window", slot: Some("system_weight"), parameter: Some("dispersion"), value: None, named_value: None, detail: {}, available: [], message: "bwepoch.fixed_window publishes no default for dispersion, so it has to be stated" }

---- the_weighing_statistics_and_their_metrics_agree_about_having_no_number stdout ----

thread 'the_weighing_statistics_and_their_metrics_agree_about_having_no_number' (3339995) panicked at crates/plateforce-analysis/tests/a_number_that_is_not_a_number_is_not_a_number_nobody_computed.rs:76:35:
this request produces a document on both recordings: Refusal { code: RequiredParameterUnstated, method_id: "bwepoch.fixed_window", slot: Some("system_weight"), parameter: Some("dispersion"), value: None, named_value: None, detail: {}, available: [], message: "bwepoch.fixed_window publishes no default for dispersion, so it has to be stated" }


failures:
    an_intact_recording_puts_a_metric_in_neither_state
    no_metric_carries_a_value_that_is_not_a_number
    the_response_counts_the_samples_the_recording_lost
    the_weighing_statistics_and_their_metrics_agree_about_having_no_number
    the_wire_tells_a_number_that_is_not_a_number_from_a_number_nobody_computed

test result: FAILED. 0 passed; 5 failed; 0 ignored; 0 measured; 0 filtered out; finished in 0.01s

error: test failed, to rerun pass `-p plateforce-analysis --test a_number_that_is_not_a_number_is_not_a_number_nobody_computed`
     Running tests/a_phase_anchored_rate_runs_across_the_phase_the_caller_named.rs (target/debug/deps/a_phase_anchored_rate_runs_across_the_phase_the_caller_named-941bd3fa56ba2a03)

running 5 tests
test the_secant_across_the_propulsion_phase_is_negative_under_both_propulsion_end_schools ... FAILED
test a_phase_nobody_stated_is_refused_by_name_rather_than_chosen ... FAILED
test the_phase_the_caller_named_is_on_the_record_beside_the_number ... FAILED
test the_mean_over_a_duration_is_the_mean_of_the_phase_that_was_named ... FAILED
test the_secant_is_the_force_between_the_two_boundaries_of_the_phase_that_was_named ... FAILED

failures:

---- the_secant_across_the_propulsion_phase_is_negative_under_both_propulsion_end_schools stdout ----

thread 'the_secant_across_the_propulsion_phase_is_negative_under_both_propulsion_end_schools' (3340016) panicked at crates/plateforce-analysis/tests/a_phase_anchored_rate_runs_across_the_phase_the_caller_named.rs:358:10:
the analysis ran: Refusal { code: RequiredParameterUnstated, method_id: "bwepoch.fixed_window", slot: Some("system_weight"), parameter: Some("dispersion"), value: None, named_value: None, detail: {}, available: [], message: "bwepoch.fixed_window publishes no default for dispersion, so it has to be stated" }
note: run with `RUST_BACKTRACE=1` environment variable to display a backtrace

---- a_phase_nobody_stated_is_refused_by_name_rather_than_chosen stdout ----

thread 'a_phase_nobody_stated_is_refused_by_name_rather_than_chosen' (3340013) panicked at crates/plateforce-analysis/tests/a_phase_anchored_rate_runs_across_the_phase_the_caller_named.rs:286:14:
the analysis ran: Refusal { code: RequiredParameterUnstated, method_id: "bwepoch.fixed_window", slot: Some("system_weight"), parameter: Some("dispersion"), value: None, named_value: None, detail: {}, available: [], message: "bwepoch.fixed_window publishes no default for dispersion, so it has to be stated" }

---- the_phase_the_caller_named_is_on_the_record_beside_the_number stdout ----

thread 'the_phase_the_caller_named_is_on_the_record_beside_the_number' (3340015) panicked at crates/plateforce-analysis/tests/a_phase_anchored_rate_runs_across_the_phase_the_caller_named.rs:146:6:
the analysis ran: Refusal { code: RequiredParameterUnstated, method_id: "bwepoch.fixed_window", slot: Some("system_weight"), parameter: Some("dispersion"), value: None, named_value: None, detail: {}, available: [], message: "bwepoch.fixed_window publishes no default for dispersion, so it has to be stated" }

---- the_mean_over_a_duration_is_the_mean_of_the_phase_that_was_named stdout ----

thread 'the_mean_over_a_duration_is_the_mean_of_the_phase_that_was_named' (3340014) panicked at crates/plateforce-analysis/tests/a_phase_anchored_rate_runs_across_the_phase_the_caller_named.rs:146:6:
the analysis ran: Refusal { code: RequiredParameterUnstated, method_id: "bwepoch.fixed_window", slot: Some("system_weight"), parameter: Some("dispersion"), value: None, named_value: None, detail: {}, available: [], message: "bwepoch.fixed_window publishes no default for dispersion, so it has to be stated" }

---- the_secant_is_the_force_between_the_two_boundaries_of_the_phase_that_was_named stdout ----

thread 'the_secant_is_the_force_between_the_two_boundaries_of_the_phase_that_was_named' (3340017) panicked at crates/plateforce-analysis/tests/a_phase_anchored_rate_runs_across_the_phase_the_caller_named.rs:146:6:
the analysis ran: Refusal { code: RequiredParameterUnstated, method_id: "bwepoch.fixed_window", slot: Some("system_weight"), parameter: Some("dispersion"), value: None, named_value: None, detail: {}, available: [], message: "bwepoch.fixed_window publishes no default for dispersion, so it has to be stated" }


failures:
    a_phase_nobody_stated_is_refused_by_name_rather_than_chosen
    the_mean_over_a_duration_is_the_mean_of_the_phase_that_was_named
    the_phase_the_caller_named_is_on_the_record_beside_the_number
    the_secant_across_the_propulsion_phase_is_negative_under_both_propulsion_end_schools
    the_secant_is_the_force_between_the_two_boundaries_of_the_phase_that_was_named

test result: FAILED. 0 passed; 5 failed; 0 ignored; 0 measured; 0 filtered out; finished in 0.01s

error: test failed, to rerun pass `-p plateforce-analysis --test a_phase_anchored_rate_runs_across_the_phase_the_caller_named`
     Running tests/a_phase_boundary_carries_the_rule_that_placed_it.rs (target/debug/deps/a_phase_boundary_carries_the_rule_that_placed_it-a858332f4bb78318)

running 20 tests
test a_boundary_without_its_landmark_declines_naming_only_what_is_missing ... FAILED
test a_boundary_read_off_a_velocity_records_the_four_integration_choices ... FAILED
test a_phase_model_and_a_propulsion_split_are_two_answers_one_analysis_can_carry ... FAILED
test a_longer_time_epoch_ends_later_and_lands_the_stated_distance_from_onset ... FAILED
test a_placed_boundary_names_the_landmark_rules_it_rests_on ... FAILED
test a_deeper_unloading_drop_starts_the_split_model_later ... FAILED
test a_propulsion_subdivision_names_both_boundaries_it_splits_between ... FAILED
test every_phase_model_fills_every_quantity_its_row_publishes ... FAILED
test raising_the_propulsion_threshold_moves_the_boundary_later ... FAILED
test the_propulsion_end_signal_is_refused_when_the_request_states_none ... FAILED
test propulsion_ends_before_takeoff_under_this_entry ... FAILED
test the_force_signal_for_propulsion_end_rests_on_the_braking_rule_and_names_it ... FAILED
test two_rules_under_one_construct_reach_the_engine_as_one_with_no_word_of_the_other ... ok
test the_three_propulsion_start_rules_place_three_instants_in_the_order_their_entries_predict ... FAILED
test the_two_phase_models_report_two_different_sets_of_keys ... FAILED
test the_split_models_unloading_start_does_not_follow_the_bound_onset_rule ... FAILED
test the_force_nadir_precedes_the_return_through_system_weight ... FAILED
test the_two_search_signals_of_one_entry_land_at_two_instants_inside_the_countermovement ... FAILED
test the_split_model_puts_a_boundary_inside_the_single_models_unweighting_phase ... FAILED
test the_two_propulsion_subdivisions_split_one_interval_at_two_instants ... FAILED

failures:

---- a_boundary_without_its_landmark_declines_naming_only_what_is_missing stdout ----

thread 'a_boundary_without_its_landmark_declines_naming_only_what_is_missing' (3340030) panicked at crates/plateforce-analysis/tests/a_phase_boundary_carries_the_rule_that_placed_it.rs:283:6:
called `Result::unwrap()` on an `Err` value: Refusal { code: RequiredParameterUnstated, method_id: "bwepoch.fixed_window", slot: Some("system_weight"), parameter: Some("dispersion"), value: None, named_value: None, detail: {}, available: [], message: "bwepoch.fixed_window publishes no default for dispersion, so it has to be stated" }

---- a_boundary_read_off_a_velocity_records_the_four_integration_choices stdout ----

thread 'a_boundary_read_off_a_velocity_records_the_four_integration_choices' (3340029) panicked at crates/plateforce-analysis/tests/a_phase_boundary_carries_the_rule_that_placed_it.rs:232:6:
called `Result::unwrap()` on an `Err` value: Refusal { code: RequiredParameterUnstated, method_id: "bwepoch.fixed_window", slot: Some("system_weight"), parameter: Some("dispersion"), value: None, named_value: None, detail: {}, available: [], message: "bwepoch.fixed_window publishes no default for dispersion, so it has to be stated" }

---- a_phase_model_and_a_propulsion_split_are_two_answers_one_analysis_can_carry stdout ----

thread 'a_phase_model_and_a_propulsion_split_are_two_answers_one_analysis_can_carry' (3340033) panicked at crates/plateforce-analysis/tests/a_phase_boundary_carries_the_rule_that_placed_it.rs:881:42:
both rules run on one analysis: Refusal { code: RequiredParameterUnstated, method_id: "bwepoch.fixed_window", slot: Some("system_weight"), parameter: Some("dispersion"), value: None, named_value: None, detail: {}, available: [], message: "bwepoch.fixed_window publishes no default for dispersion, so it has to be stated" }
note: run with `RUST_BACKTRACE=1` environment variable to display a backtrace

---- a_longer_time_epoch_ends_later_and_lands_the_stated_distance_from_onset stdout ----

thread 'a_longer_time_epoch_ends_later_and_lands_the_stated_distance_from_onset' (3340032) panicked at crates/plateforce-analysis/tests/a_phase_boundary_carries_the_rule_that_placed_it.rs:814:46:
called `Result::unwrap()` on an `Err` value: Refusal { code: RequiredParameterUnstated, method_id: "bwepoch.fixed_window", slot: Some("system_weight"), parameter: Some("dispersion"), value: None, named_value: None, detail: {}, available: [], message: "bwepoch.fixed_window publishes no default for dispersion, so it has to be stated" }

---- a_placed_boundary_names_the_landmark_rules_it_rests_on stdout ----

thread 'a_placed_boundary_names_the_landmark_rules_it_rests_on' (3340034) panicked at crates/plateforce-analysis/tests/a_phase_boundary_carries_the_rule_that_placed_it.rs:202:77:
called `Result::unwrap()` on an `Err` value: Refusal { code: RequiredParameterUnstated, method_id: "bwepoch.fixed_window", slot: Some("system_weight"), parameter: Some("dispersion"), value: None, named_value: None, detail: {}, available: [], message: "bwepoch.fixed_window publishes no default for dispersion, so it has to be stated" }

---- a_deeper_unloading_drop_starts_the_split_model_later stdout ----

thread 'a_deeper_unloading_drop_starts_the_split_model_later' (3340031) panicked at crates/plateforce-analysis/tests/a_phase_boundary_carries_the_rule_that_placed_it.rs:682:36:
called `Result::unwrap()` on an `Err` value: Refusal { code: RequiredParameterUnstated, method_id: "bwepoch.fixed_window", slot: Some("system_weight"), parameter: Some("dispersion"), value: None, named_value: None, detail: {}, available: [], message: "bwepoch.fixed_window publishes no default for dispersion, so it has to be stated" }

---- a_propulsion_subdivision_names_both_boundaries_it_splits_between stdout ----

thread 'a_propulsion_subdivision_names_both_boundaries_it_splits_between' (3340035) panicked at crates/plateforce-analysis/tests/a_phase_boundary_carries_the_rule_that_placed_it.rs:788:6:
called `Result::unwrap()` on an `Err` value: Refusal { code: RequiredParameterUnstated, method_id: "bwepoch.fixed_window", slot: Some("system_weight"), parameter: Some("dispersion"), value: None, named_value: None, detail: {}, available: [], message: "bwepoch.fixed_window publishes no default for dispersion, so it has to be stated" }

---- every_phase_model_fills_every_quantity_its_row_publishes stdout ----

thread 'every_phase_model_fills_every_quantity_its_row_publishes' (3340036) panicked at crates/plateforce-analysis/tests/a_phase_boundary_carries_the_rule_that_placed_it.rs:508:37:
phase.model.unweighting_single.mcmahon2018 could not run: bwepoch.fixed_window publishes no default for dispersion, so it has to be stated

---- raising_the_propulsion_threshold_moves_the_boundary_later stdout ----

thread 'raising_the_propulsion_threshold_moves_the_boundary_later' (3340038) panicked at crates/plateforce-analysis/tests/a_phase_boundary_carries_the_rule_that_placed_it.rs:355:38:
called `Result::unwrap()` on an `Err` value: Refusal { code: RequiredParameterUnstated, method_id: "bwepoch.fixed_window", slot: Some("system_weight"), parameter: Some("dispersion"), value: None, named_value: None, detail: {}, available: [], message: "bwepoch.fixed_window publishes no default for dispersion, so it has to be stated" }

---- the_propulsion_end_signal_is_refused_when_the_request_states_none stdout ----

thread 'the_propulsion_end_signal_is_refused_when_the_request_states_none' (3340041) panicked at crates/plateforce-analysis/tests/a_phase_boundary_carries_the_rule_that_placed_it.rs:377:6:
called `Result::unwrap()` on an `Err` value: Refusal { code: RequiredParameterUnstated, method_id: "bwepoch.fixed_window", slot: Some("system_weight"), parameter: Some("dispersion"), value: None, named_value: None, detail: {}, available: [], message: "bwepoch.fixed_window publishes no default for dispersion, so it has to be stated" }

---- propulsion_ends_before_takeoff_under_this_entry stdout ----

thread 'propulsion_ends_before_takeoff_under_this_entry' (3340037) panicked at crates/plateforce-analysis/tests/a_phase_boundary_carries_the_rule_that_placed_it.rs:454:6:
called `Result::unwrap()` on an `Err` value: Refusal { code: RequiredParameterUnstated, method_id: "bwepoch.fixed_window", slot: Some("system_weight"), parameter: Some("dispersion"), value: None, named_value: None, detail: {}, available: [], message: "bwepoch.fixed_window publishes no default for dispersion, so it has to be stated" }

---- the_force_signal_for_propulsion_end_rests_on_the_braking_rule_and_names_it stdout ----

thread 'the_force_signal_for_propulsion_end_rests_on_the_braking_rule_and_names_it' (3340040) panicked at crates/plateforce-analysis/tests/a_phase_boundary_carries_the_rule_that_placed_it.rs:406:72:
called `Result::unwrap()` on an `Err` value: Refusal { code: RequiredParameterUnstated, method_id: "bwepoch.fixed_window", slot: Some("system_weight"), parameter: Some("dispersion"), value: None, named_value: None, detail: {}, available: [], message: "bwepoch.fixed_window publishes no default for dispersion, so it has to be stated" }

---- the_three_propulsion_start_rules_place_three_instants_in_the_order_their_entries_predict stdout ----

thread 'the_three_propulsion_start_rules_place_three_instants_in_the_order_their_entries_predict' (3340044) panicked at crates/plateforce-analysis/tests/a_phase_boundary_carries_the_rule_that_placed_it.rs:313:70:
called `Result::unwrap()` on an `Err` value: Refusal { code: RequiredParameterUnstated, method_id: "bwepoch.fixed_window", slot: Some("system_weight"), parameter: Some("dispersion"), value: None, named_value: None, detail: {}, available: [], message: "bwepoch.fixed_window publishes no default for dispersion, so it has to be stated" }

---- the_two_phase_models_report_two_different_sets_of_keys stdout ----

thread 'the_two_phase_models_report_two_different_sets_of_keys' (3340046) panicked at crates/plateforce-analysis/tests/a_phase_boundary_carries_the_rule_that_placed_it.rs:556:6:
called `Result::unwrap()` on an `Err` value: Refusal { code: RequiredParameterUnstated, method_id: "bwepoch.fixed_window", slot: Some("system_weight"), parameter: Some("dispersion"), value: None, named_value: None, detail: {}, available: [], message: "bwepoch.fixed_window publishes no default for dispersion, so it has to be stated" }

---- the_split_models_unloading_start_does_not_follow_the_bound_onset_rule stdout ----

thread 'the_split_models_unloading_start_does_not_follow_the_bound_onset_rule' (3340043) panicked at crates/plateforce-analysis/tests/a_phase_boundary_carries_the_rule_that_placed_it.rs:630:46:
called `Result::unwrap()` on an `Err` value: Refusal { code: RequiredParameterUnstated, method_id: "bwepoch.fixed_window", slot: Some("system_weight"), parameter: Some("dispersion"), value: None, named_value: None, detail: {}, available: [], message: "bwepoch.fixed_window publishes no default for dispersion, so it has to be stated" }

---- the_force_nadir_precedes_the_return_through_system_weight stdout ----

thread 'the_force_nadir_precedes_the_return_through_system_weight' (3340039) panicked at crates/plateforce-analysis/tests/a_phase_boundary_carries_the_rule_that_placed_it.rs:109:10:
called `Result::unwrap()` on an `Err` value: Refusal { code: RequiredParameterUnstated, method_id: "bwepoch.fixed_window", slot: Some("system_weight"), parameter: Some("dispersion"), value: None, named_value: None, detail: {}, available: [], message: "bwepoch.fixed_window publishes no default for dispersion, so it has to be stated" }

---- the_two_search_signals_of_one_entry_land_at_two_instants_inside_the_countermovement stdout ----

thread 'the_two_search_signals_of_one_entry_land_at_two_instants_inside_the_countermovement' (3340048) panicked at crates/plateforce-analysis/tests/a_phase_boundary_carries_the_rule_that_placed_it.rs:156:10:
called `Result::unwrap()` on an `Err` value: Refusal { code: RequiredParameterUnstated, method_id: "bwepoch.fixed_window", slot: Some("system_weight"), parameter: Some("dispersion"), value: None, named_value: None, detail: {}, available: [], message: "bwepoch.fixed_window publishes no default for dispersion, so it has to be stated" }

---- the_split_model_puts_a_boundary_inside_the_single_models_unweighting_phase stdout ----

thread 'the_split_model_puts_a_boundary_inside_the_single_models_unweighting_phase' (3340042) panicked at crates/plateforce-analysis/tests/a_phase_boundary_carries_the_rule_that_placed_it.rs:588:6:
called `Result::unwrap()` on an `Err` value: Refusal { code: RequiredParameterUnstated, method_id: "bwepoch.fixed_window", slot: Some("system_weight"), parameter: Some("dispersion"), value: None, named_value: None, detail: {}, available: [], message: "bwepoch.fixed_window publishes no default for dispersion, so it has to be stated" }

---- the_two_propulsion_subdivisions_split_one_interval_at_two_instants stdout ----

thread 'the_two_propulsion_subdivisions_split_one_interval_at_two_instants' (3340047) panicked at crates/plateforce-analysis/tests/a_phase_boundary_carries_the_rule_that_placed_it.rs:719:78:
called `Result::unwrap()` on an `Err` value: Refusal { code: RequiredParameterUnstated, method_id: "bwepoch.fixed_window", slot: Some("system_weight"), parameter: Some("dispersion"), value: None, named_value: None, detail: {}, available: [], message: "bwepoch.fixed_window publishes no default for dispersion, so it has to be stated" }


failures:
    a_boundary_read_off_a_velocity_records_the_four_integration_choices
    a_boundary_without_its_landmark_declines_naming_only_what_is_missing
    a_deeper_unloading_drop_starts_the_split_model_later
    a_longer_time_epoch_ends_later_and_lands_the_stated_distance_from_onset
    a_phase_model_and_a_propulsion_split_are_two_answers_one_analysis_can_carry
    a_placed_boundary_names_the_landmark_rules_it_rests_on
    a_propulsion_subdivision_names_both_boundaries_it_splits_between
    every_phase_model_fills_every_quantity_its_row_publishes
    propulsion_ends_before_takeoff_under_this_entry
    raising_the_propulsion_threshold_moves_the_boundary_later
    the_force_nadir_precedes_the_return_through_system_weight
    the_force_signal_for_propulsion_end_rests_on_the_braking_rule_and_names_it
    the_propulsion_end_signal_is_refused_when_the_request_states_none
    the_split_model_puts_a_boundary_inside_the_single_models_unweighting_phase
    the_split_models_unloading_start_does_not_follow_the_bound_onset_rule
    the_three_propulsion_start_rules_place_three_instants_in_the_order_their_entries_predict
    the_two_phase_models_report_two_different_sets_of_keys
    the_two_propulsion_subdivisions_split_one_interval_at_two_instants
    the_two_search_signals_of_one_entry_land_at_two_instants_inside_the_countermovement

test result: FAILED. 1 passed; 19 failed; 0 ignored; 0 measured; 0 filtered out; finished in 0.01s

error: test failed, to rerun pass `-p plateforce-analysis --test a_phase_boundary_carries_the_rule_that_placed_it`
     Running tests/a_phase_model_that_places_nothing_says_why.rs (target/debug/deps/a_phase_model_that_places_nothing_says_why-9aee8a674811f982)

running 2 tests
test a_model_that_read_the_recording_refuses_nothing ... FAILED
test a_model_whose_search_found_nothing_names_the_search ... FAILED

failures:

---- a_model_that_read_the_recording_refuses_nothing stdout ----

thread 'a_model_that_read_the_recording_refuses_nothing' (3340056) panicked at crates/plateforce-analysis/tests/a_phase_model_that_places_nothing_says_why.rs:163:52:
the request is bound: Refusal { code: RequiredParameterUnstated, method_id: "bwepoch.fixed_window", slot: Some("system_weight"), parameter: Some("dispersion"), value: None, named_value: None, detail: {}, available: [], message: "bwepoch.fixed_window publishes no default for dispersion, so it has to be stated" }
note: run with `RUST_BACKTRACE=1` environment variable to display a backtrace

---- a_model_whose_search_found_nothing_names_the_search stdout ----

thread 'a_model_whose_search_found_nothing_names_the_search' (3340058) panicked at crates/plateforce-analysis/tests/a_phase_model_that_places_nothing_says_why.rs:124:47:
the request is bound: Refusal { code: RequiredParameterUnstated, method_id: "bwepoch.fixed_window", slot: Some("system_weight"), parameter: Some("dispersion"), value: None, named_value: None, detail: {}, available: [], message: "bwepoch.fixed_window publishes no default for dispersion, so it has to be stated" }


failures:
    a_model_that_read_the_recording_refuses_nothing
    a_model_whose_search_found_nothing_names_the_search

test result: FAILED. 0 passed; 2 failed; 0 ignored; 0 measured; 0 filtered out; finished in 0.00s

error: test failed, to rerun pass `-p plateforce-analysis --test a_phase_model_that_places_nothing_says_why`
     Running tests/a_preset_says_which_pipeline_produced_the_number.rs (target/debug/deps/a_preset_says_which_pipeline_produced_the_number-4666ea94abe4d6b4)

running 10 tests
test a_binding_naming_a_rule_this_build_does_not_run_is_refused_by_name ... ok
test a_rule_the_caller_named_in_a_slot_the_pipeline_binds_is_refused_rather_than_half_adopted ... ok
test a_value_the_caller_stated_displaces_the_pipelines_and_the_record_carries_both ... FAILED
test a_value_the_pipeline_supplied_is_recorded_as_cited_rather_than_stated ... FAILED
test naming_a_pipeline_this_registry_does_not_carry_is_refused_with_the_ones_it_does ... ok
test every_construct_this_build_runs_records_the_pipeline_that_bound_it ... ok
test typing_a_pipelines_values_does_not_produce_the_record_adopting_it_produces ... FAILED
test an_operator_the_pipeline_supplied_no_value_for_is_not_attributed_to_it ... FAILED
test a_rule_accepted_from_the_recommendation_is_not_recorded_as_one_the_caller_stated ... FAILED
test a_construct_the_source_is_silent_about_is_not_attributed_to_it ... FAILED

failures:

---- a_value_the_caller_stated_displaces_the_pipelines_and_the_record_carries_both stdout ----

thread 'a_value_the_caller_stated_displaces_the_pipelines_and_the_record_carries_both' (3340071) panicked at crates/plateforce-analysis/tests/a_preset_says_which_pipeline_produced_the_number.rs:123:10:
the fixture produces a result: Refusal { code: RequiredParameterUnstated, method_id: "bwepoch.fixed_window", slot: Some("system_weight"), parameter: Some("dispersion"), value: None, named_value: None, detail: {}, available: [], message: "bwepoch.fixed_window publishes no default for dispersion, so it has to be stated" }
note: run with `RUST_BACKTRACE=1` environment variable to display a backtrace

---- a_value_the_pipeline_supplied_is_recorded_as_cited_rather_than_stated stdout ----

thread 'a_value_the_pipeline_supplied_is_recorded_as_cited_rather_than_stated' (3340072) panicked at crates/plateforce-analysis/tests/a_preset_says_which_pipeline_produced_the_number.rs:123:10:
the fixture produces a result: Refusal { code: RequiredParameterUnstated, method_id: "bwepoch.fixed_window", slot: Some("system_weight"), parameter: Some("dispersion"), value: None, named_value: None, detail: {}, available: [], message: "bwepoch.fixed_window publishes no default for dispersion, so it has to be stated" }

---- typing_a_pipelines_values_does_not_produce_the_record_adopting_it_produces stdout ----

thread 'typing_a_pipelines_values_does_not_produce_the_record_adopting_it_produces' (3340076) panicked at crates/plateforce-analysis/tests/a_preset_says_which_pipeline_produced_the_number.rs:123:10:
the fixture produces a result: Refusal { code: RequiredParameterUnstated, method_id: "bwepoch.fixed_window", slot: Some("system_weight"), parameter: Some("dispersion"), value: None, named_value: None, detail: {}, available: [], message: "bwepoch.fixed_window publishes no default for dispersion, so it has to be stated" }

---- an_operator_the_pipeline_supplied_no_value_for_is_not_attributed_to_it stdout ----

thread 'an_operator_the_pipeline_supplied_no_value_for_is_not_attributed_to_it' (3340073) panicked at crates/plateforce-analysis/tests/a_preset_says_which_pipeline_produced_the_number.rs:123:10:
the fixture produces a result: Refusal { code: RequiredParameterUnstated, method_id: "bwepoch.fixed_window", slot: Some("system_weight"), parameter: Some("dispersion"), value: None, named_value: None, detail: {}, available: [], message: "bwepoch.fixed_window publishes no default for dispersion, so it has to be stated" }

---- a_rule_accepted_from_the_recommendation_is_not_recorded_as_one_the_caller_stated stdout ----

thread 'a_rule_accepted_from_the_recommendation_is_not_recorded_as_one_the_caller_stated' (3340069) panicked at crates/plateforce-analysis/tests/a_preset_says_which_pipeline_produced_the_number.rs:398:10:
the fixture produces a result: Refusal { code: RequiredParameterUnstated, method_id: "bwepoch.fixed_window", slot: Some("system_weight"), parameter: Some("dispersion"), value: None, named_value: None, detail: {}, available: [], message: "bwepoch.fixed_window publishes no default for dispersion, so it has to be stated" }

---- a_construct_the_source_is_silent_about_is_not_attributed_to_it stdout ----

thread 'a_construct_the_source_is_silent_about_is_not_attributed_to_it' (3340068) panicked at crates/plateforce-analysis/tests/a_preset_says_which_pipeline_produced_the_number.rs:123:10:
the fixture produces a result: Refusal { code: RequiredParameterUnstated, method_id: "bwepoch.fixed_window", slot: Some("system_weight"), parameter: Some("dispersion"), value: None, named_value: None, detail: {}, available: [], message: "bwepoch.fixed_window publishes no default for dispersion, so it has to be stated" }


failures:
    a_construct_the_source_is_silent_about_is_not_attributed_to_it
    a_rule_accepted_from_the_recommendation_is_not_recorded_as_one_the_caller_stated
    a_value_the_caller_stated_displaces_the_pipelines_and_the_record_carries_both
    a_value_the_pipeline_supplied_is_recorded_as_cited_rather_than_stated
    an_operator_the_pipeline_supplied_no_value_for_is_not_attributed_to_it
    typing_a_pipelines_values_does_not_produce_the_record_adopting_it_produces

test result: FAILED. 4 passed; 6 failed; 0 ignored; 0 measured; 0 filtered out; finished in 0.00s

error: test failed, to rerun pass `-p plateforce-analysis --test a_preset_says_which_pipeline_produced_the_number`
     Running tests/a_rule_nobody_named_carries_nobodys_signature.rs (target/debug/deps/a_rule_nobody_named_carries_nobodys_signature-46e9290d6b633a26)

running 7 tests
test a_rule_nobody_named_is_recorded_as_assumed ... FAILED
test a_rule_the_caller_named_is_recorded_as_stated ... FAILED
test a_marked_default_option_does_not_sign_the_inherited_convention ... FAILED
test a_rule_accepted_from_the_recommendation_is_recorded_as_recommended ... FAILED
test every_rule_a_plain_analysis_runs_says_whether_anybody_picked_it ... FAILED
test a_rule_a_published_pipeline_supplied_is_recorded_as_cited ... FAILED
test stating_a_value_against_a_phase_does_not_name_its_rule ... FAILED

failures:

---- a_rule_nobody_named_is_recorded_as_assumed stdout ----

thread 'a_rule_nobody_named_is_recorded_as_assumed' (3340083) panicked at crates/plateforce-analysis/tests/a_rule_nobody_named_carries_nobodys_signature.rs:74:10:
the fixture produces a result: Refusal { code: RequiredParameterUnstated, method_id: "bwepoch.fixed_window", slot: Some("system_weight"), parameter: Some("dispersion"), value: None, named_value: None, detail: {}, available: [], message: "bwepoch.fixed_window publishes no default for dispersion, so it has to be stated" }
note: run with `RUST_BACKTRACE=1` environment variable to display a backtrace

---- a_rule_the_caller_named_is_recorded_as_stated stdout ----

thread 'a_rule_the_caller_named_is_recorded_as_stated' (3340084) panicked at crates/plateforce-analysis/tests/a_rule_nobody_named_carries_nobodys_signature.rs:74:10:
the fixture produces a result: Refusal { code: RequiredParameterUnstated, method_id: "bwepoch.fixed_window", slot: Some("system_weight"), parameter: Some("dispersion"), value: None, named_value: None, detail: {}, available: [], message: "bwepoch.fixed_window publishes no default for dispersion, so it has to be stated" }

---- a_marked_default_option_does_not_sign_the_inherited_convention stdout ----

thread 'a_marked_default_option_does_not_sign_the_inherited_convention' (3340080) panicked at crates/plateforce-analysis/tests/a_rule_nobody_named_carries_nobodys_signature.rs:74:10:
the fixture produces a result: Refusal { code: RequiredParameterUnstated, method_id: "bwepoch.fixed_window", slot: Some("system_weight"), parameter: Some("centre"), value: None, named_value: None, detail: {}, available: [], message: "bwepoch.fixed_window publishes no default for centre, so it has to be stated" }

---- a_rule_accepted_from_the_recommendation_is_recorded_as_recommended stdout ----

thread 'a_rule_accepted_from_the_recommendation_is_recorded_as_recommended' (3340082) panicked at crates/plateforce-analysis/tests/a_rule_nobody_named_carries_nobodys_signature.rs:74:10:
the fixture produces a result: Refusal { code: RequiredParameterUnstated, method_id: "bwepoch.fixed_window", slot: Some("system_weight"), parameter: Some("dispersion"), value: None, named_value: None, detail: {}, available: [], message: "bwepoch.fixed_window publishes no default for dispersion, so it has to be stated" }

---- every_rule_a_plain_analysis_runs_says_whether_anybody_picked_it stdout ----

thread 'every_rule_a_plain_analysis_runs_says_whether_anybody_picked_it' (3340085) panicked at crates/plateforce-analysis/tests/a_rule_nobody_named_carries_nobodys_signature.rs:74:10:
the fixture produces a result: Refusal { code: RequiredParameterUnstated, method_id: "bwepoch.fixed_window", slot: Some("system_weight"), parameter: Some("dispersion"), value: None, named_value: None, detail: {}, available: [], message: "bwepoch.fixed_window publishes no default for dispersion, so it has to be stated" }

---- a_rule_a_published_pipeline_supplied_is_recorded_as_cited stdout ----

thread 'a_rule_a_published_pipeline_supplied_is_recorded_as_cited' (3340081) panicked at crates/plateforce-analysis/tests/a_rule_nobody_named_carries_nobodys_signature.rs:74:10:
the fixture produces a result: Refusal { code: RequiredParameterUnstated, method_id: "bwepoch.fixed_window", slot: Some("system_weight"), parameter: Some("dispersion"), value: None, named_value: None, detail: {}, available: [], message: "bwepoch.fixed_window publishes no default for dispersion, so it has to be stated" }

---- stating_a_value_against_a_phase_does_not_name_its_rule stdout ----

thread 'stating_a_value_against_a_phase_does_not_name_its_rule' (3340086) panicked at crates/plateforce-analysis/tests/a_rule_nobody_named_carries_nobodys_signature.rs:74:10:
the fixture produces a result: Refusal { code: RequiredParameterUnstated, method_id: "bwepoch.fixed_window", slot: Some("system_weight"), parameter: Some("dispersion"), value: None, named_value: None, detail: {}, available: [], message: "bwepoch.fixed_window publishes no default for dispersion, so it has to be stated" }


failures:
    a_marked_default_option_does_not_sign_the_inherited_convention
    a_rule_a_published_pipeline_supplied_is_recorded_as_cited
    a_rule_accepted_from_the_recommendation_is_recorded_as_recommended
    a_rule_nobody_named_is_recorded_as_assumed
    a_rule_the_caller_named_is_recorded_as_stated
    every_rule_a_plain_analysis_runs_says_whether_anybody_picked_it
    stating_a_value_against_a_phase_does_not_name_its_rule

test result: FAILED. 0 passed; 7 failed; 0 ignored; 0 measured; 0 filtered out; finished in 0.00s

error: test failed, to rerun pass `-p plateforce-analysis --test a_rule_nobody_named_carries_nobodys_signature`
     Running tests/a_rule_reached_by_construct_says_what_it_read.rs (target/debug/deps/a_rule_reached_by_construct_says_what_it_read-d4f961ba550a5393)

running 14 tests
test a_construct_with_no_rule_behind_it_is_refused_by_name ... FAILED
test a_declining_rule_crosses_the_wire_as_the_record_rather_than_the_sentence ... FAILED
test a_construct_the_request_did_not_name_is_refused_as_an_axis ... ok
test a_request_naming_no_construct_reports_what_the_spine_reports ... FAILED
test an_analysis_where_every_rule_ran_carries_no_refusals ... FAILED
test each_peak_rule_reports_its_own_arithmetic ... FAILED
test the_averaging_estimator_agrees_at_its_published_width_and_reads_lower_above_it ... FAILED
test an_id_filed_under_another_construct_is_refused_rather_than_skipped ... FAILED
test net_is_gross_less_one_system_weight_on_one_result ... FAILED
test the_rules_of_a_construct_the_request_carries_sweep_against_each_other ... FAILED
test the_window_a_peak_is_taken_over_moves_it_further_than_the_peak_rule_does ... FAILED
test a_peak_whose_chosen_window_placed_nothing_points_upstream ... FAILED
test a_peak_asked_for_with_no_window_chosen_says_which_choice_is_open ... FAILED
test a_parameter_of_a_rule_reached_by_construct_sweeps ... FAILED

failures:

---- a_construct_with_no_rule_behind_it_is_refused_by_name stdout ----
bwepoch.fixed_window publishes no default for dispersion, so it has to be stated

thread 'a_construct_with_no_rule_behind_it_is_refused_by_name' (3340089) panicked at crates/plateforce-analysis/tests/a_rule_reached_by_construct_says_what_it_read.rs:326:5:
assertion `left == right` failed
  left: RequiredParameterUnstated
 right: MethodNotImplemented

---- a_declining_rule_crosses_the_wire_as_the_record_rather_than_the_sentence stdout ----

thread 'a_declining_rule_crosses_the_wire_as_the_record_rather_than_the_sentence' (3340090) panicked at crates/plateforce-analysis/tests/a_rule_reached_by_construct_says_what_it_read.rs:458:6:
the request is well formed: Refusal { code: RequiredParameterUnstated, method_id: "bwepoch.fixed_window", slot: Some("system_weight"), parameter: Some("dispersion"), value: None, named_value: None, detail: {}, available: [], message: "bwepoch.fixed_window publishes no default for dispersion, so it has to be stated" }
note: run with `RUST_BACKTRACE=1` environment variable to display a backtrace

---- a_request_naming_no_construct_reports_what_the_spine_reports stdout ----

thread 'a_request_naming_no_construct_reports_what_the_spine_reports' (3340094) panicked at crates/plateforce-analysis/tests/a_rule_reached_by_construct_says_what_it_read.rs:77:55:
the spine runs: Refusal { code: RequiredParameterUnstated, method_id: "bwepoch.fixed_window", slot: Some("system_weight"), parameter: Some("dispersion"), value: None, named_value: None, detail: {}, available: [], message: "bwepoch.fixed_window publishes no default for dispersion, so it has to be stated" }

---- an_analysis_where_every_rule_ran_carries_no_refusals stdout ----

thread 'an_analysis_where_every_rule_ran_carries_no_refusals' (3340095) panicked at crates/plateforce-analysis/tests/a_rule_reached_by_construct_says_what_it_read.rs:494:6:
the request is well formed: Refusal { code: RequiredParameterUnstated, method_id: "bwepoch.fixed_window", slot: Some("system_weight"), parameter: Some("dispersion"), value: None, named_value: None, detail: {}, available: [], message: "bwepoch.fixed_window publishes no default for dispersion, so it has to be stated" }

---- each_peak_rule_reports_its_own_arithmetic stdout ----

thread 'each_peak_rule_reports_its_own_arithmetic' (3340097) panicked at crates/plateforce-analysis/tests/a_rule_reached_by_construct_says_what_it_read.rs:160:10:
the request is well formed: Refusal { code: RequiredParameterUnstated, method_id: "bwepoch.fixed_window", slot: Some("system_weight"), parameter: Some("dispersion"), value: None, named_value: None, detail: {}, available: [], message: "bwepoch.fixed_window publishes no default for dispersion, so it has to be stated" }

---- the_averaging_estimator_agrees_at_its_published_width_and_reads_lower_above_it stdout ----

thread 'the_averaging_estimator_agrees_at_its_published_width_and_reads_lower_above_it' (3340099) panicked at crates/plateforce-analysis/tests/a_rule_reached_by_construct_says_what_it_read.rs:221:10:
called `Result::unwrap()` on an `Err` value: Refusal { code: RequiredParameterUnstated, method_id: "bwepoch.fixed_window", slot: Some("system_weight"), parameter: Some("dispersion"), value: None, named_value: None, detail: {}, available: [], message: "bwepoch.fixed_window publishes no default for dispersion, so it has to be stated" }

---- an_id_filed_under_another_construct_is_refused_rather_than_skipped stdout ----
bwepoch.fixed_window publishes no default for dispersion, so it has to be stated

thread 'an_id_filed_under_another_construct_is_refused_rather_than_skipped' (3340096) panicked at crates/plateforce-analysis/tests/a_rule_reached_by_construct_says_what_it_read.rs:344:5:
assertion `left == right` failed
  left: RequiredParameterUnstated
 right: MethodNotImplemented

---- net_is_gross_less_one_system_weight_on_one_result stdout ----

thread 'net_is_gross_less_one_system_weight_on_one_result' (3340098) panicked at crates/plateforce-analysis/tests/a_rule_reached_by_construct_says_what_it_read.rs:199:6:
one analysis carries both: Refusal { code: RequiredParameterUnstated, method_id: "bwepoch.fixed_window", slot: Some("system_weight"), parameter: Some("dispersion"), value: None, named_value: None, detail: {}, available: [], message: "bwepoch.fixed_window publishes no default for dispersion, so it has to be stated" }

---- the_rules_of_a_construct_the_request_carries_sweep_against_each_other stdout ----

thread 'the_rules_of_a_construct_the_request_carries_sweep_against_each_other' (3340100) panicked at crates/plateforce-analysis/tests/a_rule_reached_by_construct_says_what_it_read.rs:403:5:
assertion `left == right` failed
  left: 0
 right: 2

---- the_window_a_peak_is_taken_over_moves_it_further_than_the_peak_rule_does stdout ----

thread 'the_window_a_peak_is_taken_over_moves_it_further_than_the_peak_rule_does' (3340101) panicked at crates/plateforce-analysis/tests/a_rule_reached_by_construct_says_what_it_read.rs:118:6:
the request is well formed: Refusal { code: RequiredParameterUnstated, method_id: "bwepoch.fixed_window", slot: Some("system_weight"), parameter: Some("dispersion"), value: None, named_value: None, detail: {}, available: [], message: "bwepoch.fixed_window publishes no default for dispersion, so it has to be stated" }

---- a_peak_whose_chosen_window_placed_nothing_points_upstream stdout ----

thread 'a_peak_whose_chosen_window_placed_nothing_points_upstream' (3340093) panicked at crates/plateforce-analysis/tests/a_rule_reached_by_construct_says_what_it_read.rs:291:6:
the request is well formed: Refusal { code: RequiredParameterUnstated, method_id: "bwepoch.fixed_window", slot: Some("system_weight"), parameter: Some("dispersion"), value: None, named_value: None, detail: {}, available: [], message: "bwepoch.fixed_window publishes no default for dispersion, so it has to be stated" }

---- a_peak_asked_for_with_no_window_chosen_says_which_choice_is_open stdout ----

thread 'a_peak_asked_for_with_no_window_chosen_says_which_choice_is_open' (3340092) panicked at crates/plateforce-analysis/tests/a_rule_reached_by_construct_says_what_it_read.rs:263:6:
the request is well formed: Refusal { code: RequiredParameterUnstated, method_id: "bwepoch.fixed_window", slot: Some("system_weight"), parameter: Some("dispersion"), value: None, named_value: None, detail: {}, available: [], message: "bwepoch.fixed_window publishes no default for dispersion, so it has to be stated" }

---- a_parameter_of_a_rule_reached_by_construct_sweeps stdout ----
0 of 4 variants succeeded, spread None N

thread 'a_parameter_of_a_rule_reached_by_construct_sweeps' (3340091) panicked at crates/plateforce-analysis/tests/a_rule_reached_by_construct_says_what_it_read.rs:377:5:
assertion `left == right` failed
  left: 0
 right: 4


failures:
    a_construct_with_no_rule_behind_it_is_refused_by_name
    a_declining_rule_crosses_the_wire_as_the_record_rather_than_the_sentence
    a_parameter_of_a_rule_reached_by_construct_sweeps
    a_peak_asked_for_with_no_window_chosen_says_which_choice_is_open
    a_peak_whose_chosen_window_placed_nothing_points_upstream
    a_request_naming_no_construct_reports_what_the_spine_reports
    an_analysis_where_every_rule_ran_carries_no_refusals
    an_id_filed_under_another_construct_is_refused_rather_than_skipped
    each_peak_rule_reports_its_own_arithmetic
    net_is_gross_less_one_system_weight_on_one_result
    the_averaging_estimator_agrees_at_its_published_width_and_reads_lower_above_it
    the_rules_of_a_construct_the_request_carries_sweep_against_each_other
    the_window_a_peak_is_taken_over_moves_it_further_than_the_peak_rule_does

test result: FAILED. 1 passed; 13 failed; 0 ignored; 0 measured; 0 filtered out; finished in 0.00s

error: test failed, to rerun pass `-p plateforce-analysis --test a_rule_reached_by_construct_says_what_it_read`
     Running tests/a_rule_that_found_nothing_says_so_in_a_code.rs (target/debug/deps/a_rule_that_found_nothing_says_so_in_a_code-f7b00d62b7b3b266)

running 1 test
test a_threshold_nothing_reaches_is_a_no_crossing_rather_than_an_unknown_parameter ... FAILED

failures:

---- a_threshold_nothing_reaches_is_a_no_crossing_rather_than_an_unknown_parameter stdout ----

thread 'a_threshold_nothing_reaches_is_a_no_crossing_rather_than_an_unknown_parameter' (3340103) panicked at crates/plateforce-analysis/tests/a_rule_that_found_nothing_says_so_in_a_code.rs:61:56:
the rule ran: Refusal { code: RequiredParameterUnstated, method_id: "bwepoch.fixed_window", slot: Some("system_weight"), parameter: Some("dispersion"), value: None, named_value: None, detail: {}, available: [], message: "bwepoch.fixed_window publishes no default for dispersion, so it has to be stated" }
note: run with `RUST_BACKTRACE=1` environment variable to display a backtrace


failures:
    a_threshold_nothing_reaches_is_a_no_crossing_rather_than_an_unknown_parameter

test result: FAILED. 0 passed; 1 failed; 0 ignored; 0 measured; 0 filtered out; finished in 0.00s

error: test failed, to rerun pass `-p plateforce-analysis --test a_rule_that_found_nothing_says_so_in_a_code`
     Running tests/a_split_at_a_boundary_of_the_interval_it_divides_is_refused.rs (target/debug/deps/a_split_at_a_boundary_of_the_interval_it_divides_is_refused-cd57c0725ac754f2)

running 2 tests
test no_subdivision_lands_on_a_boundary_of_the_interval_it_divides ... FAILED
test the_crossing_split_divides_the_phase_only_where_the_phase_runs_to_takeoff ... FAILED

failures:

---- no_subdivision_lands_on_a_boundary_of_the_interval_it_divides stdout ----

thread 'no_subdivision_lands_on_a_boundary_of_the_interval_it_divides' (3340105) panicked at crates/plateforce-analysis/tests/a_split_at_a_boundary_of_the_interval_it_divides_is_refused.rs:145:6:
the request is well formed: Refusal { code: RequiredParameterUnstated, method_id: "bwepoch.fixed_window", slot: Some("system_weight"), parameter: Some("dispersion"), value: None, named_value: None, detail: {}, available: [], message: "bwepoch.fixed_window publishes no default for dispersion, so it has to be stated" }
note: run with `RUST_BACKTRACE=1` environment variable to display a backtrace

---- the_crossing_split_divides_the_phase_only_where_the_phase_runs_to_takeoff stdout ----

thread 'the_crossing_split_divides_the_phase_only_where_the_phase_runs_to_takeoff' (3340106) panicked at crates/plateforce-analysis/tests/a_split_at_a_boundary_of_the_interval_it_divides_is_refused.rs:145:6:
the request is well formed: Refusal { code: RequiredParameterUnstated, method_id: "bwepoch.fixed_window", slot: Some("system_weight"), parameter: Some("dispersion"), value: None, named_value: None, detail: {}, available: [], message: "bwepoch.fixed_window publishes no default for dispersion, so it has to be stated" }


failures:
    no_subdivision_lands_on_a_boundary_of_the_interval_it_divides
    the_crossing_split_divides_the_phase_only_where_the_phase_runs_to_takeoff

test result: FAILED. 0 passed; 2 failed; 0 ignored; 0 measured; 0 filtered out; finished in 0.01s

error: test failed, to rerun pass `-p plateforce-analysis --test a_split_at_a_boundary_of_the_interval_it_divides_is_refused`
     Running tests/a_spread_that_leaves_alone_says_which_build_produced_it.rs (target/debug/deps/a_spread_that_leaves_alone_says_which_build_produced_it-43a53d34fad1bf9d)

running 3 tests
test wrapping_the_sweep_moved_none_of_its_own_keys ... ok
test the_sweep_alone_names_no_build_and_the_document_around_it_does ... ok
test the_two_documents_spell_their_identity_the_same_way ... ok

test result: ok. 3 passed; 0 failed; 0 ignored; 0 measured; 0 filtered out; finished in 0.00s

     Running tests/a_stated_weighing_start_is_honoured_or_refused_never_moved.rs (target/debug/deps/a_stated_weighing_start_is_honoured_or_refused_never_moved-79ba42faa8722039)

running 5 tests
test a_stated_start_a_window_fits_at_is_read_where_it_was_stated ... FAILED
test the_last_start_a_window_fits_at_is_read_and_the_next_one_along_is_refused ... FAILED
test every_weighing_rule_refuses_a_stated_start_under_its_own_name ... FAILED
test a_window_that_overruns_the_end_is_refused_in_the_recording_the_caller_has ... FAILED
test a_start_past_the_end_is_refused_rather_than_moved_to_where_a_window_fits ... FAILED

failures:

---- a_stated_start_a_window_fits_at_is_read_where_it_was_stated stdout ----

thread 'a_stated_start_a_window_fits_at_is_read_where_it_was_stated' (3340114) panicked at crates/plateforce-analysis/tests/a_stated_weighing_start_is_honoured_or_refused_never_moved.rs:92:35:
start 1200 was refused: bwepoch.fixed_window publishes no default for dispersion, so it has to be stated
note: run with `RUST_BACKTRACE=1` environment variable to display a backtrace

---- the_last_start_a_window_fits_at_is_read_and_the_next_one_along_is_refused stdout ----

thread 'the_last_start_a_window_fits_at_is_read_and_the_next_one_along_is_refused' (3340117) panicked at crates/plateforce-analysis/tests/a_stated_weighing_start_is_honoured_or_refused_never_moved.rs:92:35:
start 5998 was refused: bwepoch.fixed_window publishes no default for dispersion, so it has to be stated

---- every_weighing_rule_refuses_a_stated_start_under_its_own_name stdout ----
bwepoch.fixed_window: bwepoch.fixed_window publishes no default for dispersion, so it has to be stated

thread 'every_weighing_rule_refuses_a_stated_start_under_its_own_name' (3340116) panicked at crates/plateforce-analysis/tests/a_stated_weighing_start_is_honoured_or_refused_never_moved.rs:103:5:
assertion `left == right` failed
  left: RequiredParameterUnstated
 right: TraceTooShort

---- a_window_that_overruns_the_end_is_refused_in_the_recording_the_caller_has stdout ----
start 5500: bwepoch.fixed_window publishes no default for dispersion, so it has to be stated

thread 'a_window_that_overruns_the_end_is_refused_in_the_recording_the_caller_has' (3340115) panicked at crates/plateforce-analysis/tests/a_stated_weighing_start_is_honoured_or_refused_never_moved.rs:103:5:
assertion `left == right` failed
  left: RequiredParameterUnstated
 right: TraceTooShort

---- a_start_past_the_end_is_refused_rather_than_moved_to_where_a_window_fits stdout ----
start 6000, window 1 s: bwepoch.fixed_window publishes no default for dispersion, so it has to be stated

thread 'a_start_past_the_end_is_refused_rather_than_moved_to_where_a_window_fits' (3340113) panicked at crates/plateforce-analysis/tests/a_stated_weighing_start_is_honoured_or_refused_never_moved.rs:103:5:
assertion `left == right` failed
  left: RequiredParameterUnstated
 right: TraceTooShort


failures:
    a_start_past_the_end_is_refused_rather_than_moved_to_where_a_window_fits
    a_stated_start_a_window_fits_at_is_read_where_it_was_stated
    a_window_that_overruns_the_end_is_refused_in_the_recording_the_caller_has
    every_weighing_rule_refuses_a_stated_start_under_its_own_name
    the_last_start_a_window_fits_at_is_read_and_the_next_one_along_is_refused

test result: FAILED. 0 passed; 5 failed; 0 ignored; 0 measured; 0 filtered out; finished in 0.01s

error: test failed, to rerun pass `-p plateforce-analysis --test a_stated_weighing_start_is_honoured_or_refused_never_moved`
     Running tests/a_takeoff_at_its_search_floor_says_so.rs (target/debug/deps/a_takeoff_at_its_search_floor_says_so-ea9662e395fdac90)

running 7 tests
test a_rule_that_records_a_floor_and_searches_past_it_says_nothing ... FAILED
test a_takeoff_at_its_search_floor_is_not_distrusted_and_the_gap_is_why ... FAILED
test the_lowest_variance_rule_says_how_many_windows_it_ruled_out ... FAILED
test the_signal_fires_on_an_index_equal_to_the_recorded_floor ... FAILED
test the_signal_carries_a_value_every_surface_can_render_truthfully ... FAILED
test the_rules_that_returned_their_floor_say_so_and_the_rules_that_searched_on_do_not ... FAILED
test the_signal_names_every_number_the_takeoff_rule_moved ... FAILED

failures:

---- a_rule_that_records_a_floor_and_searches_past_it_says_nothing stdout ----

thread 'a_rule_that_records_a_floor_and_searches_past_it_says_nothing' (3340120) panicked at crates/plateforce-analysis/tests/a_takeoff_at_its_search_floor_says_so.rs:88:51:
takeoff.threshold.absolute_force did not run: bwepoch.fixed_window publishes no default for dispersion, so it has to be stated
note: run with `RUST_BACKTRACE=1` environment variable to display a backtrace

---- a_takeoff_at_its_search_floor_is_not_distrusted_and_the_gap_is_why stdout ----

thread 'a_takeoff_at_its_search_floor_is_not_distrusted_and_the_gap_is_why' (3340121) panicked at crates/plateforce-analysis/tests/a_takeoff_at_its_search_floor_says_so.rs:88:51:
takeoff.threshold.absolute_force did not run: bwepoch.fixed_window publishes no default for dispersion, so it has to be stated

---- the_lowest_variance_rule_says_how_many_windows_it_ruled_out stdout ----

thread 'the_lowest_variance_rule_says_how_many_windows_it_ruled_out' (3340122) panicked at crates/plateforce-analysis/tests/a_takeoff_at_its_search_floor_says_so.rs:393:42:
the searching weighing rule runs: Refusal { code: RequiredParameterUnstated, method_id: "bwepoch.adaptive_lowest_variance", slot: Some("system_weight"), parameter: Some("dispersion"), value: None, named_value: None, detail: {}, available: [], message: "bwepoch.adaptive_lowest_variance publishes no default for dispersion, so it has to be stated" }

---- the_signal_fires_on_an_index_equal_to_the_recorded_floor stdout ----

thread 'the_signal_fires_on_an_index_equal_to_the_recorded_floor' (3340125) panicked at crates/plateforce-analysis/tests/a_takeoff_at_its_search_floor_says_so.rs:88:51:
takeoff.threshold.absolute_force did not run: bwepoch.fixed_window publishes no default for dispersion, so it has to be stated

---- the_signal_carries_a_value_every_surface_can_render_truthfully stdout ----

thread 'the_signal_carries_a_value_every_surface_can_render_truthfully' (3340124) panicked at crates/plateforce-analysis/tests/a_takeoff_at_its_search_floor_says_so.rs:88:51:
takeoff.threshold.absolute_force did not run: bwepoch.fixed_window publishes no default for dispersion, so it has to be stated

---- the_rules_that_returned_their_floor_say_so_and_the_rules_that_searched_on_do_not stdout ----

thread 'the_rules_that_returned_their_floor_say_so_and_the_rules_that_searched_on_do_not' (3340123) panicked at crates/plateforce-analysis/tests/a_takeoff_at_its_search_floor_says_so.rs:88:51:
takeoff.threshold.absolute_force did not run: bwepoch.fixed_window publishes no default for dispersion, so it has to be stated

---- the_signal_names_every_number_the_takeoff_rule_moved stdout ----

thread 'the_signal_names_every_number_the_takeoff_rule_moved' (3340126) panicked at crates/plateforce-analysis/tests/a_takeoff_at_its_search_floor_says_so.rs:88:51:
takeoff.threshold.absolute_force did not run: bwepoch.fixed_window publishes no default for dispersion, so it has to be stated


failures:
    a_rule_that_records_a_floor_and_searches_past_it_says_nothing
    a_takeoff_at_its_search_floor_is_not_distrusted_and_the_gap_is_why
    the_lowest_variance_rule_says_how_many_windows_it_ruled_out
    the_rules_that_returned_their_floor_say_so_and_the_rules_that_searched_on_do_not
    the_signal_carries_a_value_every_surface_can_render_truthfully
    the_signal_fires_on_an_index_equal_to_the_recorded_floor
    the_signal_names_every_number_the_takeoff_rule_moved

test result: FAILED. 0 passed; 7 failed; 0 ignored; 0 measured; 0 filtered out; finished in 0.02s

error: test failed, to rerun pass `-p plateforce-analysis --test a_takeoff_at_its_search_floor_says_so`
     Running tests/a_value_read_off_the_trace_says_so.rs (target/debug/deps/a_value_read_off_the_trace_says_so-24239b879ae58c39)

running 1 test
test a_value_that_follows_the_recording_is_recorded_as_measured ... FAILED

failures:

---- a_value_that_follows_the_recording_is_recorded_as_measured stdout ----

thread 'a_value_that_follows_the_recording_is_recorded_as_measured' (3340128) panicked at crates/plateforce-analysis/tests/a_value_read_off_the_trace_says_so.rs:163:5:
only 0 values moved with the recording, so this comparison has stopped reaching the values it exists to check: {}
note: run with `RUST_BACKTRACE=1` environment variable to display a backtrace


failures:
    a_value_that_follows_the_recording_is_recorded_as_measured

test result: FAILED. 0 passed; 1 failed; 0 ignored; 0 measured; 0 filtered out; finished in 0.01s

error: test failed, to rerun pass `-p plateforce-analysis --test a_value_read_off_the_trace_says_so`
     Running tests/a_value_recorded_against_an_entry_is_findable_on_that_entry.rs (target/debug/deps/a_value_recorded_against_an_entry_is_findable_on_that_entry-9f47a8c8b18e08d9)

running 2 tests
test the_two_instants_read_off_the_trace_are_recorded_on_the_entries_that_own_them ... FAILED
test every_value_the_record_places_on_an_entry_is_findable_on_that_entry ... FAILED

failures:

---- the_two_instants_read_off_the_trace_are_recorded_on_the_entries_that_own_them stdout ----

thread 'the_two_instants_read_off_the_trace_are_recorded_on_the_entries_that_own_them' (3340134) panicked at crates/plateforce-analysis/tests/a_value_recorded_against_an_entry_is_findable_on_that_entry.rs:189:6:
the request places every landmark: Refusal { code: RequiredParameterUnstated, method_id: "bwepoch.fixed_window", slot: Some("system_weight"), parameter: Some("dispersion"), value: None, named_value: None, detail: {}, available: [], message: "bwepoch.fixed_window publishes no default for dispersion, so it has to be stated" }
note: run with `RUST_BACKTRACE=1` environment variable to display a backtrace

---- every_value_the_record_places_on_an_entry_is_findable_on_that_entry stdout ----

thread 'every_value_the_record_places_on_an_entry_is_findable_on_that_entry' (3340133) panicked at crates/plateforce-analysis/tests/a_value_recorded_against_an_entry_is_findable_on_that_entry.rs:134:6:
the request places every landmark: Refusal { code: RequiredParameterUnstated, method_id: "bwepoch.fixed_window", slot: Some("system_weight"), parameter: Some("dispersion"), value: None, named_value: None, detail: {}, available: [], message: "bwepoch.fixed_window publishes no default for dispersion, so it has to be stated" }


failures:
    every_value_the_record_places_on_an_entry_is_findable_on_that_entry
    the_two_instants_read_off_the_trace_are_recorded_on_the_entries_that_own_them

test result: FAILED. 0 passed; 2 failed; 0 ignored; 0 measured; 0 filtered out; finished in 0.16s

error: test failed, to rerun pass `-p plateforce-analysis --test a_value_recorded_against_an_entry_is_findable_on_that_entry`
     Running tests/absent_numbers_say_what_accounts_for_them.rs (target/debug/deps/absent_numbers_say_what_accounts_for_them-a19ead6f2bbf3ab4)

running 4 tests
test the_columns_the_signal_names_are_exactly_the_columns_that_came_back_empty ... FAILED
test the_same_recording_read_by_rules_that_order_the_landmarks_says_nothing ... FAILED
test landmarks_that_came_back_out_of_order_are_said_rather_than_left_to_the_blank_cells ... FAILED
test the_status_reaches_a_reader_under_the_name_the_record_carries ... FAILED

failures:

---- the_columns_the_signal_names_are_exactly_the_columns_that_came_back_empty stdout ----

thread 'the_columns_the_signal_names_are_exactly_the_columns_that_came_back_empty' (3340150) panicked at crates/plateforce-analysis/tests/absent_numbers_say_what_accounts_for_them.rs:73:54:
onset.threshold.adaptive_trailing_window did not run: bwepoch.adaptive_lowest_variance publishes no default for dispersion, so it has to be stated
note: run with `RUST_BACKTRACE=1` environment variable to display a backtrace

---- the_same_recording_read_by_rules_that_order_the_landmarks_says_nothing stdout ----

thread 'the_same_recording_read_by_rules_that_order_the_landmarks_says_nothing' (3340151) panicked at crates/plateforce-analysis/tests/absent_numbers_say_what_accounts_for_them.rs:73:54:
onset.threshold.noise_relative did not run: bwepoch.fixed_window publishes no default for dispersion, so it has to be stated

---- landmarks_that_came_back_out_of_order_are_said_rather_than_left_to_the_blank_cells stdout ----

thread 'landmarks_that_came_back_out_of_order_are_said_rather_than_left_to_the_blank_cells' (3340149) panicked at crates/plateforce-analysis/tests/absent_numbers_say_what_accounts_for_them.rs:73:54:
onset.threshold.adaptive_trailing_window did not run: bwepoch.adaptive_lowest_variance publishes no default for dispersion, so it has to be stated

---- the_status_reaches_a_reader_under_the_name_the_record_carries stdout ----

thread 'the_status_reaches_a_reader_under_the_name_the_record_carries' (3340152) panicked at crates/plateforce-analysis/tests/absent_numbers_say_what_accounts_for_them.rs:73:54:
onset.threshold.adaptive_trailing_window did not run: bwepoch.adaptive_lowest_variance publishes no default for dispersion, so it has to be stated


failures:
    landmarks_that_came_back_out_of_order_are_said_rather_than_left_to_the_blank_cells
    the_columns_the_signal_names_are_exactly_the_columns_that_came_back_empty
    the_same_recording_read_by_rules_that_order_the_landmarks_says_nothing
    the_status_reaches_a_reader_under_the_name_the_record_carries

test result: FAILED. 0 passed; 4 failed; 0 ignored; 0 measured; 0 filtered out; finished in 0.01s

error: test failed, to rerun pass `-p plateforce-analysis --test absent_numbers_say_what_accounts_for_them`
     Running tests/an_onset_at_its_search_floor_says_so.rs (target/debug/deps/an_onset_at_its_search_floor_says_so-2f508a00f9f065ca)

running 4 tests
test the_signal_hands_the_reader_a_value_a_surface_can_state_and_a_construct_it_can_open ... FAILED
test the_signal_names_every_number_the_onset_rule_moved ... FAILED
test the_onset_those_rules_report_is_the_floor_with_the_composed_offset_put_back ... FAILED
test the_rules_that_returned_their_floor_say_so_and_the_rules_that_found_a_departure_do_not ... FAILED

failures:

---- the_signal_hands_the_reader_a_value_a_surface_can_state_and_a_construct_it_can_open stdout ----

thread 'the_signal_hands_the_reader_a_value_a_surface_can_state_and_a_construct_it_can_open' (3340163) panicked at crates/plateforce-analysis/tests/an_onset_at_its_search_floor_says_so.rs:92:51:
onset.threshold.absolute_force did not run: bwepoch.fixed_window publishes no default for dispersion, so it has to be stated
note: run with `RUST_BACKTRACE=1` environment variable to display a backtrace

---- the_signal_names_every_number_the_onset_rule_moved stdout ----

thread 'the_signal_names_every_number_the_onset_rule_moved' (3340164) panicked at crates/plateforce-analysis/tests/an_onset_at_its_search_floor_says_so.rs:92:51:
onset.threshold.absolute_force did not run: bwepoch.fixed_window publishes no default for dispersion, so it has to be stated

---- the_onset_those_rules_report_is_the_floor_with_the_composed_offset_put_back stdout ----

thread 'the_onset_those_rules_report_is_the_floor_with_the_composed_offset_put_back' (3340161) panicked at crates/plateforce-analysis/tests/an_onset_at_its_search_floor_says_so.rs:92:51:
onset.threshold.noise_relative did not run: bwepoch.fixed_window publishes no default for dispersion, so it has to be stated

---- the_rules_that_returned_their_floor_say_so_and_the_rules_that_found_a_departure_do_not stdout ----

thread 'the_rules_that_returned_their_floor_say_so_and_the_rules_that_found_a_departure_do_not' (3340162) panicked at crates/plateforce-analysis/tests/an_onset_at_its_search_floor_says_so.rs:92:51:
onset.threshold.noise_relative did not run: bwepoch.fixed_window publishes no default for dispersion, so it has to be stated


failures:
    the_onset_those_rules_report_is_the_floor_with_the_composed_offset_put_back
    the_rules_that_returned_their_floor_say_so_and_the_rules_that_found_a_departure_do_not
    the_signal_hands_the_reader_a_value_a_surface_can_state_and_a_construct_it_can_open
    the_signal_names_every_number_the_onset_rule_moved

test result: FAILED. 0 passed; 4 failed; 0 ignored; 0 measured; 0 filtered out; finished in 0.01s

error: test failed, to rerun pass `-p plateforce-analysis --test an_onset_at_its_search_floor_says_so`
     Running tests/an_operator_entry_is_reachable_by_a_name_a_rule_reads.rs (target/debug/deps/an_operator_entry_is_reachable_by_a_name_a_rule_reads-f94d463575a568ba)

running 1 test
test an_operator_entry_is_reachable_by_a_name_a_rule_reads ... FAILED

failures:

---- an_operator_entry_is_reachable_by_a_name_a_rule_reads stdout ----

thread 'an_operator_entry_is_reachable_by_a_name_a_rule_reads' (3340173) panicked at crates/plateforce-analysis/tests/an_operator_entry_is_reachable_by_a_name_a_rule_reads.rs:171:5:
0 names an operator declares were read by a rule across the sweep, over 14 operator entries, which is too few to have exercised the resolution this reads: {}
note: run with `RUST_BACKTRACE=1` environment variable to display a backtrace


failures:
    an_operator_entry_is_reachable_by_a_name_a_rule_reads

test result: FAILED. 0 passed; 1 failed; 0 ignored; 0 measured; 0 filtered out; finished in 0.15s

error: test failed, to rerun pass `-p plateforce-analysis --test an_operator_entry_is_reachable_by_a_name_a_rule_reads`
     Running tests/every_consumer_reads_one_chain.rs (target/debug/deps/every_consumer_reads_one_chain-277132fd24b2b814)

running 4 tests
test one_response_gives_one_tree_however_many_times_it_is_asked ... FAILED
test every_consumer_names_the_one_derivation ... ok
test the_patterns_a_second_derivation_would_match_still_match_a_first_one ... ok
test no_consumer_builds_a_chain_of_its_own ... ok

failures:

---- one_response_gives_one_tree_however_many_times_it_is_asked stdout ----

thread 'one_response_gives_one_tree_however_many_times_it_is_asked' (3340209) panicked at crates/plateforce-analysis/tests/every_consumer_reads_one_chain.rs:274:56:
the request is well formed: Refusal { code: RequiredParameterUnstated, method_id: "bwepoch.fixed_window", slot: Some("system_weight"), parameter: Some("dispersion"), value: None, named_value: None, detail: {}, available: [], message: "bwepoch.fixed_window publishes no default for dispersion, so it has to be stated" }
note: run with `RUST_BACKTRACE=1` environment variable to display a backtrace


failures:
    one_response_gives_one_tree_however_many_times_it_is_asked

test result: FAILED. 3 passed; 1 failed; 0 ignored; 0 measured; 0 filtered out; finished in 0.01s

error: test failed, to rerun pass `-p plateforce-analysis --test every_consumer_reads_one_chain`
     Running tests/every_rule_that_gravity_moves_says_so_not_just_the_first_one_per_construct.rs (target/debug/deps/every_rule_that_gravity_moves_says_so_not_just_the_first_one_per_construct-5dadd4c56bc1b3d8)

running 2 tests
test every_rule_that_gravity_moves_records_it_and_every_rule_it_does_not_records_nothing ... FAILED
test two_rules_for_one_boundary_disagree_about_whether_gravity_moves_it ... FAILED

failures:

---- every_rule_that_gravity_moves_records_it_and_every_rule_it_does_not_records_nothing stdout ----

thread 'every_rule_that_gravity_moves_records_it_and_every_rule_it_does_not_records_nothing' (3340212) panicked at crates/plateforce-analysis/tests/every_rule_that_gravity_moves_says_so_not_just_the_first_one_per_construct.rs:162:54:
the trace carries every landmark: Refusal { code: RequiredParameterUnstated, method_id: "bwepoch.fixed_window", slot: Some("system_weight"), parameter: Some("dispersion"), value: None, named_value: None, detail: {}, available: [], message: "bwepoch.fixed_window publishes no default for dispersion, so it has to be stated" }
note: run with `RUST_BACKTRACE=1` environment variable to display a backtrace

---- two_rules_for_one_boundary_disagree_about_whether_gravity_moves_it stdout ----

thread 'two_rules_for_one_boundary_disagree_about_whether_gravity_moves_it' (3340213) panicked at crates/plateforce-analysis/tests/every_rule_that_gravity_moves_says_so_not_just_the_first_one_per_construct.rs:233:14:
the trace carries every landmark: Refusal { code: RequiredParameterUnstated, method_id: "bwepoch.fixed_window", slot: Some("system_weight"), parameter: Some("dispersion"), value: None, named_value: None, detail: {}, available: [], message: "bwepoch.fixed_window publishes no default for dispersion, so it has to be stated" }


failures:
    every_rule_that_gravity_moves_records_it_and_every_rule_it_does_not_records_nothing
    two_rules_for_one_boundary_disagree_about_whether_gravity_moves_it

test result: FAILED. 0 passed; 2 failed; 0 ignored; 0 measured; 0 filtered out; finished in 0.00s

error: test failed, to rerun pass `-p plateforce-analysis --test every_rule_that_gravity_moves_says_so_not_just_the_first_one_per_construct`
     Running tests/every_surface_publishes_the_account_the_engine_wrote.rs (target/debug/deps/every_surface_publishes_the_account_the_engine_wrote-1bd8e76e0d9e5b5a)

running 6 tests
test a_quantity_with_no_value_gives_no_account_rather_than_an_invented_one ... FAILED
test every_number_in_the_document_gives_an_account_of_itself ... FAILED
test the_spellings_a_second_generator_would_match_still_match_a_first_one ... ok
test the_document_fills_the_block_and_no_caller_states_one ... ok
test every_publisher_names_the_one_generator ... ok
test no_publisher_writes_a_generator_of_its_own ... ok

failures:

---- a_quantity_with_no_value_gives_no_account_rather_than_an_invented_one stdout ----

thread 'a_quantity_with_no_value_gives_no_account_rather_than_an_invented_one' (3340216) panicked at crates/plateforce-analysis/tests/every_surface_publishes_the_account_the_engine_wrote.rs:293:45:
the request is well formed: Refusal { code: RequiredParameterUnstated, method_id: "bwepoch.fixed_window", slot: Some("system_weight"), parameter: Some("dispersion"), value: None, named_value: None, detail: {}, available: [], message: "bwepoch.fixed_window publishes no default for dispersion, so it has to be stated" }
note: run with `RUST_BACKTRACE=1` environment variable to display a backtrace

---- every_number_in_the_document_gives_an_account_of_itself stdout ----

thread 'every_number_in_the_document_gives_an_account_of_itself' (3340217) panicked at crates/plateforce-analysis/tests/every_surface_publishes_the_account_the_engine_wrote.rs:293:45:
the request is well formed: Refusal { code: RequiredParameterUnstated, method_id: "bwepoch.fixed_window", slot: Some("system_weight"), parameter: Some("dispersion"), value: None, named_value: None, detail: {}, available: [], message: "bwepoch.fixed_window publishes no default for dispersion, so it has to be stated" }


failures:
    a_quantity_with_no_value_gives_no_account_rather_than_an_invented_one
    every_number_in_the_document_gives_an_account_of_itself

test result: FAILED. 4 passed; 2 failed; 0 ignored; 0 measured; 0 filtered out; finished in 0.01s

error: test failed, to rerun pass `-p plateforce-analysis --test every_surface_publishes_the_account_the_engine_wrote`
     Running tests/how_often_a_takeoff_floor_returns_something_that_is_not_the_jump.rs (target/debug/deps/how_often_a_takeoff_floor_returns_something_that_is_not_the_jump-125a41416f2e6b3c)

running 2 tests
test each_takeoff_floor_policy_fails_at_the_rate_its_registry_entry_publishes ... ok
test each_floor_entry_publishes_a_rate_that_is_its_own_numerator_over_its_own_denominator ... ok

test result: ok. 2 passed; 0 failed; 0 ignored; 0 measured; 0 filtered out; finished in 0.14s

     Running tests/jump_height_carries_the_frame_it_was_measured_in.rs (target/debug/deps/jump_height_carries_the_frame_it_was_measured_in-c2d8db51dd71d423)

running 15 tests
test no_rule_this_build_runs_reports_a_key_a_second_time ... FAILED
test the_flight_phase_apex_and_the_whole_curve_apex_agree_on_a_single_jump ... FAILED
test the_frame_declaration_refuses_until_a_reader_states_which_rise_they_mean ... FAILED
test the_flight_time_height_is_the_closed_form_at_the_gravity_its_entry_declares ... FAILED
test each_height_rule_reports_its_own_arithmetic_exactly_once ... FAILED
test the_frame_declaration_takes_the_two_frames_and_refuses_a_third_word ... FAILED
test a_flight_time_height_on_a_recording_that_never_lands_is_refused_by_name ... FAILED
test the_peak_velocity_route_never_reads_below_the_takeoff_velocity_route ... FAILED
test every_height_records_the_integration_choices_its_series_was_built_under ... FAILED
test the_standing_frame_is_the_takeoff_frame_plus_the_rise_to_takeoff ... FAILED
test the_minimum_route_returns_the_smaller_of_the_two_it_computed ... FAILED
test the_two_standing_frame_routes_agree_on_the_apex_they_both_measure ... FAILED
test the_intervals_report_the_samples_between_the_landmarks_that_bound_them ... FAILED
test the_work_energy_route_and_the_impulse_route_are_one_theorem ... FAILED
test the_two_takeoff_frame_routes_meet_on_a_jump_that_is_consistent_with_itself ... FAILED

failures:

---- no_rule_this_build_runs_reports_a_key_a_second_time stdout ----

thread 'no_rule_this_build_runs_reports_a_key_a_second_time' (3340259) panicked at crates/plateforce-analysis/tests/jump_height_carries_the_frame_it_was_measured_in.rs:554:46:
the request is well formed: Refusal { code: RequiredParameterUnstated, method_id: "bwepoch.fixed_window", slot: Some("system_weight"), parameter: Some("dispersion"), value: None, named_value: None, detail: {}, available: [], message: "bwepoch.fixed_window publishes no default for dispersion, so it has to be stated" }

---- the_flight_phase_apex_and_the_whole_curve_apex_agree_on_a_single_jump stdout ----

thread 'the_flight_phase_apex_and_the_whole_curve_apex_agree_on_a_single_jump' (3340260) panicked at crates/plateforce-analysis/tests/jump_height_carries_the_frame_it_was_measured_in.rs:96:10:
the request is well formed: Refusal { code: RequiredParameterUnstated, method_id: "bwepoch.fixed_window", slot: Some("system_weight"), parameter: Some("dispersion"), value: None, named_value: None, detail: {}, available: [], message: "bwepoch.fixed_window publishes no default for dispersion, so it has to be stated" }
note: run with `RUST_BACKTRACE=1` environment variable to display a backtrace

---- the_frame_declaration_refuses_until_a_reader_states_which_rise_they_mean stdout ----

thread 'the_frame_declaration_refuses_until_a_reader_states_which_rise_they_mean' (3340262) panicked at crates/plateforce-analysis/tests/jump_height_carries_the_frame_it_was_measured_in.rs:351:6:
the request is well formed: Refusal { code: RequiredParameterUnstated, method_id: "bwepoch.fixed_window", slot: Some("system_weight"), parameter: Some("dispersion"), value: None, named_value: None, detail: {}, available: [], message: "bwepoch.fixed_window publishes no default for dispersion, so it has to be stated" }

---- the_flight_time_height_is_the_closed_form_at_the_gravity_its_entry_declares stdout ----

thread 'the_flight_time_height_is_the_closed_form_at_the_gravity_its_entry_declares' (3340261) panicked at crates/plateforce-analysis/tests/jump_height_carries_the_frame_it_was_measured_in.rs:96:10:
the request is well formed: Refusal { code: RequiredParameterUnstated, method_id: "bwepoch.fixed_window", slot: Some("system_weight"), parameter: Some("dispersion"), value: None, named_value: None, detail: {}, available: [], message: "bwepoch.fixed_window publishes no default for dispersion, so it has to be stated" }

---- each_height_rule_reports_its_own_arithmetic_exactly_once stdout ----

thread 'each_height_rule_reports_its_own_arithmetic_exactly_once' (3340257) panicked at crates/plateforce-analysis/tests/jump_height_carries_the_frame_it_was_measured_in.rs:495:14:
the request is well formed: Refusal { code: RequiredParameterUnstated, method_id: "bwepoch.fixed_window", slot: Some("system_weight"), parameter: Some("dispersion"), value: None, named_value: None, detail: {}, available: [], message: "bwepoch.fixed_window publishes no default for dispersion, so it has to be stated" }

---- the_frame_declaration_takes_the_two_frames_and_refuses_a_third_word stdout ----

thread 'the_frame_declaration_takes_the_two_frames_and_refuses_a_third_word' (3340263) panicked at crates/plateforce-analysis/tests/jump_height_carries_the_frame_it_was_measured_in.rs:375:60:
the request is well formed: Refusal { code: RequiredParameterUnstated, method_id: "bwepoch.fixed_window", slot: Some("system_weight"), parameter: Some("dispersion"), value: None, named_value: None, detail: {}, available: [], message: "bwepoch.fixed_window publishes no default for dispersion, so it has to be stated" }

---- a_flight_time_height_on_a_recording_that_never_lands_is_refused_by_name stdout ----

thread 'a_flight_time_height_on_a_recording_that_never_lands_is_refused_by_name' (3340256) panicked at crates/plateforce-analysis/tests/jump_height_carries_the_frame_it_was_measured_in.rs:434:6:
the request is well formed: Refusal { code: RequiredParameterUnstated, method_id: "bwepoch.fixed_window", slot: Some("system_weight"), parameter: Some("dispersion"), value: None, named_value: None, detail: {}, available: [], message: "bwepoch.fixed_window publishes no default for dispersion, so it has to be stated" }

---- the_peak_velocity_route_never_reads_below_the_takeoff_velocity_route stdout ----

thread 'the_peak_velocity_route_never_reads_below_the_takeoff_velocity_route' (3340266) panicked at crates/plateforce-analysis/tests/jump_height_carries_the_frame_it_was_measured_in.rs:96:10:
the request is well formed: Refusal { code: RequiredParameterUnstated, method_id: "bwepoch.fixed_window", slot: Some("system_weight"), parameter: Some("dispersion"), value: None, named_value: None, detail: {}, available: [], message: "bwepoch.fixed_window publishes no default for dispersion, so it has to be stated" }

---- every_height_records_the_integration_choices_its_series_was_built_under stdout ----

thread 'every_height_records_the_integration_choices_its_series_was_built_under' (3340258) panicked at crates/plateforce-analysis/tests/jump_height_carries_the_frame_it_was_measured_in.rs:592:14:
the request is well formed: Refusal { code: RequiredParameterUnstated, method_id: "bwepoch.fixed_window", slot: Some("system_weight"), parameter: Some("dispersion"), value: None, named_value: None, detail: {}, available: [], message: "bwepoch.fixed_window publishes no default for dispersion, so it has to be stated" }

---- the_standing_frame_is_the_takeoff_frame_plus_the_rise_to_takeoff stdout ----

thread 'the_standing_frame_is_the_takeoff_frame_plus_the_rise_to_takeoff' (3340268) panicked at crates/plateforce-analysis/tests/jump_height_carries_the_frame_it_was_measured_in.rs:96:10:
the request is well formed: Refusal { code: RequiredParameterUnstated, method_id: "bwepoch.fixed_window", slot: Some("system_weight"), parameter: Some("dispersion"), value: None, named_value: None, detail: {}, available: [], message: "bwepoch.fixed_window publishes no default for dispersion, so it has to be stated" }

---- the_minimum_route_returns_the_smaller_of_the_two_it_computed stdout ----

thread 'the_minimum_route_returns_the_smaller_of_the_two_it_computed' (3340265) panicked at crates/plateforce-analysis/tests/jump_height_carries_the_frame_it_was_measured_in.rs:258:6:
the request is well formed: Refusal { code: RequiredParameterUnstated, method_id: "bwepoch.fixed_window", slot: Some("system_weight"), parameter: Some("dispersion"), value: None, named_value: None, detail: {}, available: [], message: "bwepoch.fixed_window publishes no default for dispersion, so it has to be stated" }

---- the_two_standing_frame_routes_agree_on_the_apex_they_both_measure stdout ----

thread 'the_two_standing_frame_routes_agree_on_the_apex_they_both_measure' (3340270) panicked at crates/plateforce-analysis/tests/jump_height_carries_the_frame_it_was_measured_in.rs:96:10:
the request is well formed: Refusal { code: RequiredParameterUnstated, method_id: "bwepoch.fixed_window", slot: Some("system_weight"), parameter: Some("dispersion"), value: None, named_value: None, detail: {}, available: [], message: "bwepoch.fixed_window publishes no default for dispersion, so it has to be stated" }

---- the_intervals_report_the_samples_between_the_landmarks_that_bound_them stdout ----

thread 'the_intervals_report_the_samples_between_the_landmarks_that_bound_them' (3340264) panicked at crates/plateforce-analysis/tests/jump_height_carries_the_frame_it_was_measured_in.rs:325:6:
the request is well formed: Refusal { code: RequiredParameterUnstated, method_id: "bwepoch.fixed_window", slot: Some("system_weight"), parameter: Some("dispersion"), value: None, named_value: None, detail: {}, available: [], message: "bwepoch.fixed_window publishes no default for dispersion, so it has to be stated" }

---- the_work_energy_route_and_the_impulse_route_are_one_theorem stdout ----

thread 'the_work_energy_route_and_the_impulse_route_are_one_theorem' (3340272) panicked at crates/plateforce-analysis/tests/jump_height_carries_the_frame_it_was_measured_in.rs:96:10:
the request is well formed: Refusal { code: RequiredParameterUnstated, method_id: "bwepoch.fixed_window", slot: Some("system_weight"), parameter: Some("dispersion"), value: None, named_value: None, detail: {}, available: [], message: "bwepoch.fixed_window publishes no default for dispersion, so it has to be stated" }

---- the_two_takeoff_frame_routes_meet_on_a_jump_that_is_consistent_with_itself stdout ----

thread 'the_two_takeoff_frame_routes_meet_on_a_jump_that_is_consistent_with_itself' (3340271) panicked at crates/plateforce-analysis/tests/jump_height_carries_the_frame_it_was_measured_in.rs:96:10:
the request is well formed: Refusal { code: RequiredParameterUnstated, method_id: "bwepoch.fixed_window", slot: Some("system_weight"), parameter: Some("dispersion"), value: None, named_value: None, detail: {}, available: [], message: "bwepoch.fixed_window publishes no default for dispersion, so it has to be stated" }


failures:
    a_flight_time_height_on_a_recording_that_never_lands_is_refused_by_name
    each_height_rule_reports_its_own_arithmetic_exactly_once
    every_height_records_the_integration_choices_its_series_was_built_under
    no_rule_this_build_runs_reports_a_key_a_second_time
    the_flight_phase_apex_and_the_whole_curve_apex_agree_on_a_single_jump
    the_flight_time_height_is_the_closed_form_at_the_gravity_its_entry_declares
    the_frame_declaration_refuses_until_a_reader_states_which_rise_they_mean
    the_frame_declaration_takes_the_two_frames_and_refuses_a_third_word
    the_intervals_report_the_samples_between_the_landmarks_that_bound_them
    the_minimum_route_returns_the_smaller_of_the_two_it_computed
    the_peak_velocity_route_never_reads_below_the_takeoff_velocity_route
    the_standing_frame_is_the_takeoff_frame_plus_the_rise_to_takeoff
    the_two_standing_frame_routes_agree_on_the_apex_they_both_measure
    the_two_takeoff_frame_routes_meet_on_a_jump_that_is_consistent_with_itself
    the_work_energy_route_and_the_impulse_route_are_one_theorem

test result: FAILED. 0 passed; 15 failed; 0 ignored; 0 measured; 0 filtered out; finished in 0.00s

error: test failed, to rerun pass `-p plateforce-analysis --test jump_height_carries_the_frame_it_was_measured_in`
     Running tests/level_one_slots/main.rs (target/debug/deps/level_one_slots-d036c5ad8476e57e)

running 45 tests
test ws1::no_two_quantities_share_a_key_and_no_key_carries_a_registry_id ... ok
test ws2::the_two_readings_of_net_diverge_once_onset_sits_below_system_weight ... FAILED
test ws2::the_two_peak_estimators_differ_by_a_measurable_amount ... FAILED
test ws3_conditioning::a_conditioning_rule_that_declines_leaves_no_number_behind_it ... ok
test ws3_conditioning::conditioning_is_always_declared ... FAILED
test ws3_conditioning::a_name_the_conditioning_rule_does_not_read_comes_back_unread ... FAILED
test ws3_conditioning::a_conditioning_default_says_it_came_from_the_registry_rather_than_the_caller ... FAILED
test ws2::net_peak_force_is_the_gross_peak_less_one_system_weight_by_either_route ... FAILED
test ws2::moving_onset_moves_every_consecutive_window_not_only_the_first ... FAILED
test ws_power_work::the_request_behind_every_reading_here ... ok
test ws_power_work::the_three_peak_rules_disagree_on_one_recording ... FAILED
test ws_power_work::the_object_a_number_describes_and_the_mass_it_is_divided_by_are_one_answer ... FAILED
test ws_power_work::the_two_quadrature_routes_are_one_integral_here_and_the_vendor_product_is_not ... FAILED
test ws3_conditioning::holding_a_place_for_values_without_naming_a_rule_records_the_run_unchanged ... FAILED
test ws_rate_impulse::a_power_rate_states_what_power_is_before_it_reports_one ... FAILED
test ws5::every_committed_trial_settles_or_says_what_the_recording_lacks ... FAILED
test ws3_conditioning::the_edge_a_conditioning_rule_reads_is_recorded_however_the_caller_arrived ... FAILED
test ws3_conditioning::naming_the_conditioning_rule_credits_the_caller_and_changes_nothing_else ... FAILED
test ws_rate_impulse::the_fitted_rule_reports_the_models_own_rate_and_how_far_the_model_is_from_the_trace ... FAILED
test ws_power_work::the_interval_a_caller_names_moves_the_mean_and_the_work_and_the_peak_where_it_can ... FAILED
test ws_power_work::the_force_term_and_the_sign_reach_every_number_read_off_the_series ... FAILED
test ws_rate_impulse::every_rate_rule_answers_on_one_trial_and_the_spread_between_them_is_the_method ... FAILED
test ws_rate_impulse::the_rules_that_divide_by_an_interval_multiply_back_out_to_the_samples_they_name ... FAILED
test ws_validity_normalisation::early_force_is_a_share_of_the_net_peak_the_analysis_reported ... FAILED
test ws_validity_normalisation::a_gate_that_cannot_reach_its_input_declines_rather_than_admitting ... FAILED
test ws_validity_normalisation::a_per_kilogram_number_names_the_peak_it_divided_and_the_mass_it_divided_by ... FAILED
test ws_validity_normalisation::every_gate_answers_or_says_what_it_could_not_reach_across_the_committed_trials ... FAILED
test ws_rate_impulse::an_epoch_impulse_states_its_convention_and_the_two_differ_by_the_weight_it_spans ... FAILED
test ws_rate_impulse::the_steepest_chord_is_never_shallower_than_the_chord_from_onset_at_the_same_width ... FAILED
test ws3_conditioning::what_conditioned_the_signal_is_named_before_what_read_it ... FAILED
test ws_validity_normalisation::the_transient_peak_count_is_a_property_of_the_signal_as_it_arrives ... FAILED
test ws_validity_normalisation::the_window_a_caller_states_decides_which_candidates_survive ... FAILED
test ws_power_work::a_power_number_names_what_power_meant_and_which_rules_bounded_it ... FAILED
test ws_validity_normalisation::the_criterion_a_caller_states_is_the_one_that_admits_the_trial ... FAILED
test ws_power_work::the_family_answers_on_every_committed_trial ... FAILED
test ws_validity_normalisation::the_exponent_moves_the_scaled_number_and_the_divisor_says_what_it_is_per ... FAILED
test ws_validity_normalisation::the_two_jump_type_rules_report_one_answer_and_the_threshold_follows_the_athlete ... FAILED
test ws3::conditioning_moves_onset_by_far_more_than_any_mean_shift_between_the_two ... FAILED
test ws1::every_arithmetic_a_quantity_names_resolves_in_the_registry ... ok
test ws1::every_reported_quantity_carries_its_unit_or_the_registry_name_for_its_construct ... ok
test ws_rate_impulse::every_rule_in_this_family_reads_what_it_is_given_and_records_a_name_a_reader_can_look_up ... FAILED
test ws_power_work::the_coefficient_sets_are_the_ones_the_registry_publishes ... ok
test ws3_conditioning::every_conditioning_binding_fills_the_construct_the_registry_declares ... ok
test ws1::every_construct_a_rule_is_filed_under_is_declared_in_the_registry ... ok
test ws_power_work::the_phase_names_a_rule_accepts_are_the_ones_its_entry_publishes ... FAILED

failures:

---- ws2::the_two_readings_of_net_diverge_once_onset_sits_below_system_weight stdout ----

thread 'ws2::the_two_readings_of_net_diverge_once_onset_sits_below_system_weight' (3340282) panicked at crates/plateforce-analysis/tests/level_one_slots/ws2.rs:82:51:
the default request ran: Refusal { code: RequiredParameterUnstated, method_id: "bwepoch.fixed_window", slot: Some("system_weight"), parameter: Some("dispersion"), value: None, named_value: None, detail: {}, available: [], message: "bwepoch.fixed_window publishes no default for dispersion, so it has to be stated" }
note: run with `RUST_BACKTRACE=1` environment variable to display a backtrace

---- ws2::the_two_peak_estimators_differ_by_a_measurable_amount stdout ----

thread 'ws2::the_two_peak_estimators_differ_by_a_measurable_amount' (3340281) panicked at crates/plateforce-analysis/tests/level_one_slots/ws2.rs:187:37:
subject01_trial1 did not run: bwepoch.fixed_window publishes no default for dispersion, so it has to be stated

---- ws3_conditioning::conditioning_is_always_declared stdout ----

thread 'ws3_conditioning::conditioning_is_always_declared' (3340288) panicked at crates/plateforce-analysis/tests/level_one_slots/ws3_conditioning.rs:44:42:
the default request runs: Refusal { code: RequiredParameterUnstated, method_id: "bwepoch.fixed_window", slot: Some("system_weight"), parameter: Some("dispersion"), value: None, named_value: None, detail: {}, available: [], message: "bwepoch.fixed_window publishes no default for dispersion, so it has to be stated" }

---- ws3_conditioning::a_name_the_conditioning_rule_does_not_read_comes_back_unread stdout ----

thread 'ws3_conditioning::a_name_the_conditioning_rule_does_not_read_comes_back_unread' (3340287) panicked at crates/plateforce-analysis/tests/level_one_slots/ws3_conditioning.rs:218:61:
an unread name runs: Refusal { code: RequiredParameterUnstated, method_id: "bwepoch.fixed_window", slot: Some("system_weight"), parameter: Some("dispersion"), value: None, named_value: None, detail: {}, available: [], message: "bwepoch.fixed_window publishes no default for dispersion, so it has to be stated" }

---- ws3_conditioning::a_conditioning_default_says_it_came_from_the_registry_rather_than_the_caller stdout ----

thread 'ws3_conditioning::a_conditioning_default_says_it_came_from_the_registry_rather_than_the_caller' (3340285) panicked at crates/plateforce-analysis/tests/level_one_slots/ws3_conditioning.rs:124:52:
the default request runs: Refusal { code: RequiredParameterUnstated, method_id: "bwepoch.fixed_window", slot: Some("system_weight"), parameter: Some("dispersion"), value: None, named_value: None, detail: {}, available: [], message: "bwepoch.fixed_window publishes no default for dispersion, so it has to be stated" }

---- ws2::net_peak_force_is_the_gross_peak_less_one_system_weight_by_either_route stdout ----

thread 'ws2::net_peak_force_is_the_gross_peak_less_one_system_weight_by_either_route' (3340280) panicked at crates/plateforce-analysis/tests/level_one_slots/ws2.rs:23:37:
subject01_trial1 did not run: bwepoch.fixed_window publishes no default for dispersion, so it has to be stated

---- ws2::moving_onset_moves_every_consecutive_window_not_only_the_first stdout ----

thread 'ws2::moving_onset_moves_every_consecutive_window_not_only_the_first' (3340279) panicked at crates/plateforce-analysis/tests/level_one_slots/ws2.rs:127:37:
subject01_trial1 did not run: bwepoch.fixed_window publishes no default for dispersion, so it has to be stated

---- ws_power_work::the_three_peak_rules_disagree_on_one_recording stdout ----

thread 'ws_power_work::the_three_peak_rules_disagree_on_one_recording' (3340314) panicked at crates/plateforce-analysis/tests/level_one_slots/ws_power_work.rs:109:71:
the request runs: Refusal { code: RequiredParameterUnstated, method_id: "bwepoch.fixed_window", slot: Some("system_weight"), parameter: Some("dispersion"), value: None, named_value: None, detail: {}, available: [], message: "bwepoch.fixed_window publishes no default for dispersion, so it has to be stated" }

---- ws_power_work::the_object_a_number_describes_and_the_mass_it_is_divided_by_are_one_answer stdout ----

thread 'ws_power_work::the_object_a_number_describes_and_the_mass_it_is_divided_by_are_one_answer' (3340311) panicked at crates/plateforce-analysis/tests/level_one_slots/ws_power_work.rs:746:14:
the request runs: Refusal { code: RequiredParameterUnstated, method_id: "bwepoch.fixed_window", slot: Some("system_weight"), parameter: Some("dispersion"), value: None, named_value: None, detail: {}, available: [], message: "bwepoch.fixed_window publishes no default for dispersion, so it has to be stated" }

---- ws_power_work::the_two_quadrature_routes_are_one_integral_here_and_the_vendor_product_is_not stdout ----

thread 'ws_power_work::the_two_quadrature_routes_are_one_integral_here_and_the_vendor_product_is_not' (3340315) panicked at crates/plateforce-analysis/tests/level_one_slots/ws_power_work.rs:109:71:
the request runs: Refusal { code: RequiredParameterUnstated, method_id: "bwepoch.fixed_window", slot: Some("system_weight"), parameter: Some("dispersion"), value: None, named_value: None, detail: {}, available: [], message: "bwepoch.fixed_window publishes no default for dispersion, so it has to be stated" }

---- ws3_conditioning::holding_a_place_for_values_without_naming_a_rule_records_the_run_unchanged stdout ----

thread 'ws3_conditioning::holding_a_place_for_values_without_naming_a_rule_records_the_run_unchanged' (3340299) panicked at crates/plateforce-analysis/tests/level_one_slots/ws3_conditioning.rs:244:46:
the request runs: Refusal { code: RequiredParameterUnstated, method_id: "bwepoch.fixed_window", slot: Some("system_weight"), parameter: Some("dispersion"), value: None, named_value: None, detail: {}, available: [], message: "bwepoch.fixed_window publishes no default for dispersion, so it has to be stated" }

---- ws_rate_impulse::a_power_rate_states_what_power_is_before_it_reports_one stdout ----

thread 'ws_rate_impulse::a_power_rate_states_what_power_is_before_it_reports_one' (3340316) panicked at crates/plateforce-analysis/tests/level_one_slots/ws_rate_impulse.rs:818:6:
the analysis ran: Refusal { code: RequiredParameterUnstated, method_id: "bwepoch.fixed_window", slot: Some("system_weight"), parameter: Some("dispersion"), value: None, named_value: None, detail: {}, available: [], message: "bwepoch.fixed_window publishes no default for dispersion, so it has to be stated" }

---- ws5::every_committed_trial_settles_or_says_what_the_recording_lacks stdout ----

thread 'ws5::every_committed_trial_settles_or_says_what_the_recording_lacks' (3340305) panicked at crates/plateforce-analysis/tests/level_one_slots/ws5.rs:33:37:
subject01_trial1 did not run: bwepoch.fixed_window publishes no default for dispersion, so it has to be stated

---- ws3_conditioning::the_edge_a_conditioning_rule_reads_is_recorded_however_the_caller_arrived stdout ----

thread 'ws3_conditioning::the_edge_a_conditioning_rule_reads_is_recorded_however_the_caller_arrived' (3340303) panicked at crates/plateforce-analysis/tests/level_one_slots/ws3_conditioning.rs:156:46:
a request stating the edge this rule takes: Refusal { code: RequiredParameterUnstated, method_id: "bwepoch.fixed_window", slot: Some("system_weight"), parameter: Some("dispersion"), value: None, named_value: None, detail: {}, available: [], message: "bwepoch.fixed_window publishes no default for dispersion, so it has to be stated" }

---- ws3_conditioning::naming_the_conditioning_rule_credits_the_caller_and_changes_nothing_else stdout ----

thread 'ws3_conditioning::naming_the_conditioning_rule_credits_the_caller_and_changes_nothing_else' (3340302) panicked at crates/plateforce-analysis/tests/level_one_slots/ws3_conditioning.rs:271:14:
the request runs: Refusal { code: RequiredParameterUnstated, method_id: "bwepoch.fixed_window", slot: Some("system_weight"), parameter: Some("dispersion"), value: None, named_value: None, detail: {}, available: [], message: "bwepoch.fixed_window publishes no default for dispersion, so it has to be stated" }

---- ws_rate_impulse::the_fitted_rule_reports_the_models_own_rate_and_how_far_the_model_is_from_the_trace stdout ----

thread 'ws_rate_impulse::the_fitted_rule_reports_the_models_own_rate_and_how_far_the_model_is_from_the_trace' (3340321) panicked at crates/plateforce-analysis/tests/level_one_slots/ws_rate_impulse.rs:372:44:
the analysis ran: Refusal { code: RequiredParameterUnstated, method_id: "bwepoch.fixed_window", slot: Some("system_weight"), parameter: Some("dispersion"), value: None, named_value: None, detail: {}, available: [], message: "bwepoch.fixed_window publishes no default for dispersion, so it has to be stated" }

---- ws_power_work::the_interval_a_caller_names_moves_the_mean_and_the_work_and_the_peak_where_it_can stdout ----

thread 'ws_power_work::the_interval_a_caller_names_moves_the_mean_and_the_work_and_the_peak_where_it_can' (3340310) panicked at crates/plateforce-analysis/tests/level_one_slots/ws_power_work.rs:109:71:
the request runs: Refusal { code: RequiredParameterUnstated, method_id: "bwepoch.fixed_window", slot: Some("system_weight"), parameter: Some("dispersion"), value: None, named_value: None, detail: {}, available: [], message: "bwepoch.fixed_window publishes no default for dispersion, so it has to be stated" }

---- ws_power_work::the_force_term_and_the_sign_reach_every_number_read_off_the_series stdout ----

thread 'ws_power_work::the_force_term_and_the_sign_reach_every_number_read_off_the_series' (3340309) panicked at crates/plateforce-analysis/tests/level_one_slots/ws_power_work.rs:109:71:
the request runs: Refusal { code: RequiredParameterUnstated, method_id: "bwepoch.fixed_window", slot: Some("system_weight"), parameter: Some("dispersion"), value: None, named_value: None, detail: {}, available: [], message: "bwepoch.fixed_window publishes no default for dispersion, so it has to be stated" }

---- ws_rate_impulse::every_rate_rule_answers_on_one_trial_and_the_spread_between_them_is_the_method stdout ----

thread 'ws_rate_impulse::every_rate_rule_answers_on_one_trial_and_the_spread_between_them_is_the_method' (3340319) panicked at crates/plateforce-analysis/tests/level_one_slots/ws_rate_impulse.rs:554:69:
rfd.epoch_from_onset.overlapping: bwepoch.fixed_window publishes no default for dispersion, so it has to be stated

---- ws_rate_impulse::the_rules_that_divide_by_an_interval_multiply_back_out_to_the_samples_they_name stdout ----

thread 'ws_rate_impulse::the_rules_that_divide_by_an_interval_multiply_back_out_to_the_samples_they_name' (3340322) panicked at crates/plateforce-analysis/tests/level_one_slots/ws_rate_impulse.rs:464:6:
the analysis ran: Refusal { code: RequiredParameterUnstated, method_id: "bwepoch.fixed_window", slot: Some("system_weight"), parameter: Some("dispersion"), value: None, named_value: None, detail: {}, available: [], message: "bwepoch.fixed_window publishes no default for dispersion, so it has to be stated" }

---- ws_validity_normalisation::early_force_is_a_share_of_the_net_peak_the_analysis_reported stdout ----

thread 'ws_validity_normalisation::early_force_is_a_share_of_the_net_peak_the_analysis_reported' (3340326) panicked at crates/plateforce-analysis/tests/level_one_slots/ws_validity_normalisation.rs:134:35:
the request is well formed: Refusal { code: RequiredParameterUnstated, method_id: "bwepoch.fixed_window", slot: Some("system_weight"), parameter: Some("dispersion"), value: None, named_value: None, detail: {}, available: [], message: "bwepoch.fixed_window publishes no default for dispersion, so it has to be stated" }

---- ws_validity_normalisation::a_gate_that_cannot_reach_its_input_declines_rather_than_admitting stdout ----

thread 'ws_validity_normalisation::a_gate_that_cannot_reach_its_input_declines_rather_than_admitting' (3340324) panicked at crates/plateforce-analysis/tests/level_one_slots/ws_validity_normalisation.rs:134:35:
the request is well formed: Refusal { code: RequiredParameterUnstated, method_id: "bwepoch.fixed_window", slot: Some("system_weight"), parameter: Some("dispersion"), value: None, named_value: None, detail: {}, available: [], message: "bwepoch.fixed_window publishes no default for dispersion, so it has to be stated" }

---- ws_validity_normalisation::a_per_kilogram_number_names_the_peak_it_divided_and_the_mass_it_divided_by stdout ----

thread 'ws_validity_normalisation::a_per_kilogram_number_names_the_peak_it_divided_and_the_mass_it_divided_by' (3340325) panicked at crates/plateforce-analysis/tests/level_one_slots/ws_validity_normalisation.rs:134:35:
the request is well formed: Refusal { code: RequiredParameterUnstated, method_id: "bwepoch.fixed_window", slot: Some("system_weight"), parameter: Some("dispersion"), value: None, named_value: None, detail: {}, available: [], message: "bwepoch.fixed_window publishes no default for dispersion, so it has to be stated" }

---- ws_validity_normalisation::every_gate_answers_or_says_what_it_could_not_reach_across_the_committed_trials stdout ----

thread 'ws_validity_normalisation::every_gate_answers_or_says_what_it_could_not_reach_across_the_committed_trials' (3340327) panicked at crates/plateforce-analysis/tests/level_one_slots/ws_validity_normalisation.rs:134:35:
the request is well formed: Refusal { code: RequiredParameterUnstated, method_id: "bwepoch.fixed_window", slot: Some("system_weight"), parameter: Some("dispersion"), value: None, named_value: None, detail: {}, available: [], message: "bwepoch.fixed_window publishes no default for dispersion, so it has to be stated" }

---- ws_rate_impulse::an_epoch_impulse_states_its_convention_and_the_two_differ_by_the_weight_it_spans stdout ----

thread 'ws_rate_impulse::an_epoch_impulse_states_its_convention_and_the_two_differ_by_the_weight_it_spans' (3340318) panicked at crates/plateforce-analysis/tests/level_one_slots/ws_rate_impulse.rs:749:6:
the analysis ran: Refusal { code: RequiredParameterUnstated, method_id: "bwepoch.fixed_window", slot: Some("system_weight"), parameter: Some("dispersion"), value: None, named_value: None, detail: {}, available: [], message: "bwepoch.fixed_window publishes no default for dispersion, so it has to be stated" }

---- ws_rate_impulse::the_steepest_chord_is_never_shallower_than_the_chord_from_onset_at_the_same_width stdout ----

thread 'ws_rate_impulse::the_steepest_chord_is_never_shallower_than_the_chord_from_onset_at_the_same_width' (3340323) panicked at crates/plateforce-analysis/tests/level_one_slots/ws_rate_impulse.rs:665:33:
subject01_trial1: bwepoch.fixed_window publishes no default for dispersion, so it has to be stated

---- ws3_conditioning::what_conditioned_the_signal_is_named_before_what_read_it stdout ----

thread 'ws3_conditioning::what_conditioned_the_signal_is_named_before_what_read_it' (3340304) panicked at crates/plateforce-analysis/tests/level_one_slots/ws3_conditioning.rs:101:52:
the default request runs: Refusal { code: RequiredParameterUnstated, method_id: "bwepoch.fixed_window", slot: Some("system_weight"), parameter: Some("dispersion"), value: None, named_value: None, detail: {}, available: [], message: "bwepoch.fixed_window publishes no default for dispersion, so it has to be stated" }

---- ws_validity_normalisation::the_transient_peak_count_is_a_property_of_the_signal_as_it_arrives stdout ----

thread 'ws_validity_normalisation::the_transient_peak_count_is_a_property_of_the_signal_as_it_arrives' (3340330) panicked at crates/plateforce-analysis/tests/level_one_slots/ws_validity_normalisation.rs:134:35:
the request is well formed: Refusal { code: RequiredParameterUnstated, method_id: "bwepoch.fixed_window", slot: Some("system_weight"), parameter: Some("dispersion"), value: None, named_value: None, detail: {}, available: [], message: "bwepoch.fixed_window publishes no default for dispersion, so it has to be stated" }

---- ws_validity_normalisation::the_window_a_caller_states_decides_which_candidates_survive stdout ----

thread 'ws_validity_normalisation::the_window_a_caller_states_decides_which_candidates_survive' (3340332) panicked at crates/plateforce-analysis/tests/level_one_slots/ws_validity_normalisation.rs:134:35:
the request is well formed: Refusal { code: RequiredParameterUnstated, method_id: "bwepoch.fixed_window", slot: Some("system_weight"), parameter: Some("dispersion"), value: None, named_value: None, detail: {}, available: [], message: "bwepoch.fixed_window publishes no default for dispersion, so it has to be stated" }

---- ws_power_work::a_power_number_names_what_power_meant_and_which_rules_bounded_it stdout ----

thread 'ws_power_work::a_power_number_names_what_power_meant_and_which_rules_bounded_it' (3340306) panicked at crates/plateforce-analysis/tests/level_one_slots/ws_power_work.rs:119:56:
the request runs: Refusal { code: RequiredParameterUnstated, method_id: "bwepoch.fixed_window", slot: Some("system_weight"), parameter: Some("dispersion"), value: None, named_value: None, detail: {}, available: [], message: "bwepoch.fixed_window publishes no default for dispersion, so it has to be stated" }

---- ws_validity_normalisation::the_criterion_a_caller_states_is_the_one_that_admits_the_trial stdout ----

thread 'ws_validity_normalisation::the_criterion_a_caller_states_is_the_one_that_admits_the_trial' (3340328) panicked at crates/plateforce-analysis/tests/level_one_slots/ws_validity_normalisation.rs:134:35:
the request is well formed: Refusal { code: RequiredParameterUnstated, method_id: "bwepoch.fixed_window", slot: Some("system_weight"), parameter: Some("dispersion"), value: None, named_value: None, detail: {}, available: [], message: "bwepoch.fixed_window publishes no default for dispersion, so it has to be stated" }

---- ws_power_work::the_family_answers_on_every_committed_trial stdout ----

thread 'ws_power_work::the_family_answers_on_every_committed_trial' (3340308) panicked at crates/plateforce-analysis/tests/level_one_slots/ws_power_work.rs:119:56:
the request runs: Refusal { code: RequiredParameterUnstated, method_id: "bwepoch.fixed_window", slot: Some("system_weight"), parameter: Some("dispersion"), value: None, named_value: None, detail: {}, available: [], message: "bwepoch.fixed_window publishes no default for dispersion, so it has to be stated" }

---- ws_validity_normalisation::the_exponent_moves_the_scaled_number_and_the_divisor_says_what_it_is_per stdout ----

thread 'ws_validity_normalisation::the_exponent_moves_the_scaled_number_and_the_divisor_says_what_it_is_per' (3340329) panicked at crates/plateforce-analysis/tests/level_one_slots/ws_validity_normalisation.rs:134:35:
the request is well formed: Refusal { code: RequiredParameterUnstated, method_id: "bwepoch.fixed_window", slot: Some("system_weight"), parameter: Some("dispersion"), value: None, named_value: None, detail: {}, available: [], message: "bwepoch.fixed_window publishes no default for dispersion, so it has to be stated" }

---- ws_validity_normalisation::the_two_jump_type_rules_report_one_answer_and_the_threshold_follows_the_athlete stdout ----

thread 'ws_validity_normalisation::the_two_jump_type_rules_report_one_answer_and_the_threshold_follows_the_athlete' (3340331) panicked at crates/plateforce-analysis/tests/level_one_slots/ws_validity_normalisation.rs:134:35:
the request is well formed: Refusal { code: RequiredParameterUnstated, method_id: "bwepoch.fixed_window", slot: Some("system_weight"), parameter: Some("dispersion"), value: None, named_value: None, detail: {}, available: [], message: "bwepoch.fixed_window publishes no default for dispersion, so it has to be stated" }

---- ws3::conditioning_moves_onset_by_far_more_than_any_mean_shift_between_the_two stdout ----

thread 'ws3::conditioning_moves_onset_by_far_more_than_any_mean_shift_between_the_two' (3340284) panicked at crates/plateforce-analysis/tests/level_one_slots/ws3.rs:38:41:
subject01_trial1 did not run: bwepoch.fixed_window publishes no default for dispersion, so it has to be stated

---- ws_rate_impulse::every_rule_in_this_family_reads_what_it_is_given_and_records_a_name_a_reader_can_look_up stdout ----

thread 'ws_rate_impulse::every_rule_in_this_family_reads_what_it_is_given_and_records_a_name_a_reader_can_look_up' (3340320) panicked at crates/plateforce-analysis/tests/level_one_slots/ws_rate_impulse.rs:255:69:
rfd.epoch_from_onset.overlapping: bwepoch.fixed_window publishes no default for dispersion, so it has to be stated

---- ws_power_work::the_phase_names_a_rule_accepts_are_the_ones_its_entry_publishes stdout ----

thread 'ws_power_work::the_phase_names_a_rule_accepts_are_the_ones_its_entry_publishes' (3340312) panicked at crates/plateforce-analysis/tests/level_one_slots/ws_power_work.rs:119:56:
the request runs: Refusal { code: RequiredParameterUnstated, method_id: "bwepoch.fixed_window", slot: Some("system_weight"), parameter: Some("dispersion"), value: None, named_value: None, detail: {}, available: [], message: "bwepoch.fixed_window publishes no default for dispersion, so it has to be stated" }


failures:
    ws2::moving_onset_moves_every_consecutive_window_not_only_the_first
    ws2::net_peak_force_is_the_gross_peak_less_one_system_weight_by_either_route
    ws2::the_two_peak_estimators_differ_by_a_measurable_amount
    ws2::the_two_readings_of_net_diverge_once_onset_sits_below_system_weight
    ws3::conditioning_moves_onset_by_far_more_than_any_mean_shift_between_the_two
    ws3_conditioning::a_conditioning_default_says_it_came_from_the_registry_rather_than_the_caller
    ws3_conditioning::a_name_the_conditioning_rule_does_not_read_comes_back_unread
    ws3_conditioning::conditioning_is_always_declared
    ws3_conditioning::holding_a_place_for_values_without_naming_a_rule_records_the_run_unchanged
    ws3_conditioning::naming_the_conditioning_rule_credits_the_caller_and_changes_nothing_else
    ws3_conditioning::the_edge_a_conditioning_rule_reads_is_recorded_however_the_caller_arrived
    ws3_conditioning::what_conditioned_the_signal_is_named_before_what_read_it
    ws5::every_committed_trial_settles_or_says_what_the_recording_lacks
    ws_power_work::a_power_number_names_what_power_meant_and_which_rules_bounded_it
    ws_power_work::the_family_answers_on_every_committed_trial
    ws_power_work::the_force_term_and_the_sign_reach_every_number_read_off_the_series
    ws_power_work::the_interval_a_caller_names_moves_the_mean_and_the_work_and_the_peak_where_it_can
    ws_power_work::the_object_a_number_describes_and_the_mass_it_is_divided_by_are_one_answer
    ws_power_work::the_phase_names_a_rule_accepts_are_the_ones_its_entry_publishes
    ws_power_work::the_three_peak_rules_disagree_on_one_recording
    ws_power_work::the_two_quadrature_routes_are_one_integral_here_and_the_vendor_product_is_not
    ws_rate_impulse::a_power_rate_states_what_power_is_before_it_reports_one
    ws_rate_impulse::an_epoch_impulse_states_its_convention_and_the_two_differ_by_the_weight_it_spans
    ws_rate_impulse::every_rate_rule_answers_on_one_trial_and_the_spread_between_them_is_the_method
    ws_rate_impulse::every_rule_in_this_family_reads_what_it_is_given_and_records_a_name_a_reader_can_look_up
    ws_rate_impulse::the_fitted_rule_reports_the_models_own_rate_and_how_far_the_model_is_from_the_trace
    ws_rate_impulse::the_rules_that_divide_by_an_interval_multiply_back_out_to_the_samples_they_name
    ws_rate_impulse::the_steepest_chord_is_never_shallower_than_the_chord_from_onset_at_the_same_width
    ws_validity_normalisation::a_gate_that_cannot_reach_its_input_declines_rather_than_admitting
    ws_validity_normalisation::a_per_kilogram_number_names_the_peak_it_divided_and_the_mass_it_divided_by
    ws_validity_normalisation::early_force_is_a_share_of_the_net_peak_the_analysis_reported
    ws_validity_normalisation::every_gate_answers_or_says_what_it_could_not_reach_across_the_committed_trials
    ws_validity_normalisation::the_criterion_a_caller_states_is_the_one_that_admits_the_trial
    ws_validity_normalisation::the_exponent_moves_the_scaled_number_and_the_divisor_says_what_it_is_per
    ws_validity_normalisation::the_transient_peak_count_is_a_property_of_the_signal_as_it_arrives
    ws_validity_normalisation::the_two_jump_type_rules_report_one_answer_and_the_threshold_follows_the_athlete
    ws_validity_normalisation::the_window_a_caller_states_decides_which_candidates_survive

test result: FAILED. 8 passed; 37 failed; 0 ignored; 0 measured; 0 filtered out; finished in 0.23s

error: test failed, to rerun pass `-p plateforce-analysis --test level_one_slots`
     Running tests/one_id_reports_one_number_whichever_way_a_caller_arrives.rs (target/debug/deps/one_id_reports_one_number_whichever_way_a_caller_arrives-0cc70c17a1fae153)

running 4 tests
test the_flight_time_height_carries_one_record_whichever_way_it_was_reached ... FAILED
test naming_the_rule_that_already_produced_a_number_does_not_move_it ... FAILED
test a_gravity_chosen_for_the_analysis_moves_the_height_and_the_filled_in_one_does_not ... FAILED
test the_gravity_behind_the_height_is_recorded_and_says_whether_anybody_chose_it ... FAILED

failures:

---- the_flight_time_height_carries_one_record_whichever_way_it_was_reached stdout ----

thread 'the_flight_time_height_carries_one_record_whichever_way_it_was_reached' (3340371) panicked at crates/plateforce-analysis/tests/one_id_reports_one_number_whichever_way_a_caller_arrives.rs:182:40:
the request is well formed: Refusal { code: RequiredParameterUnstated, method_id: "bwepoch.fixed_window", slot: Some("system_weight"), parameter: Some("dispersion"), value: None, named_value: None, detail: {}, available: [], message: "bwepoch.fixed_window publishes no default for dispersion, so it has to be stated" }
note: run with `RUST_BACKTRACE=1` environment variable to display a backtrace

---- naming_the_rule_that_already_produced_a_number_does_not_move_it stdout ----

thread 'naming_the_rule_that_already_produced_a_number_does_not_move_it' (3340370) panicked at crates/plateforce-analysis/tests/one_id_reports_one_number_whichever_way_a_caller_arrives.rs:123:44:
the request is well formed: Refusal { code: RequiredParameterUnstated, method_id: "bwepoch.fixed_window", slot: Some("system_weight"), parameter: Some("dispersion"), value: None, named_value: None, detail: {}, available: [], message: "bwepoch.fixed_window publishes no default for dispersion, so it has to be stated" }

---- a_gravity_chosen_for_the_analysis_moves_the_height_and_the_filled_in_one_does_not stdout ----

thread 'a_gravity_chosen_for_the_analysis_moves_the_height_and_the_filled_in_one_does_not' (3340369) panicked at crates/plateforce-analysis/tests/one_id_reports_one_number_whichever_way_a_caller_arrives.rs:312:31:
the request is well formed: Refusal { code: RequiredParameterUnstated, method_id: "bwepoch.fixed_window", slot: Some("system_weight"), parameter: Some("dispersion"), value: None, named_value: None, detail: {}, available: [], message: "bwepoch.fixed_window publishes no default for dispersion, so it has to be stated" }

---- the_gravity_behind_the_height_is_recorded_and_says_whether_anybody_chose_it stdout ----

thread 'the_gravity_behind_the_height_is_recorded_and_says_whether_anybody_chose_it' (3340372) panicked at crates/plateforce-analysis/tests/one_id_reports_one_number_whichever_way_a_caller_arrives.rs:261:40:
the request is well formed: Refusal { code: RequiredParameterUnstated, method_id: "bwepoch.fixed_window", slot: Some("system_weight"), parameter: Some("dispersion"), value: None, named_value: None, detail: {}, available: [], message: "bwepoch.fixed_window publishes no default for dispersion, so it has to be stated" }


failures:
    a_gravity_chosen_for_the_analysis_moves_the_height_and_the_filled_in_one_does_not
    naming_the_rule_that_already_produced_a_number_does_not_move_it
    the_flight_time_height_carries_one_record_whichever_way_it_was_reached
    the_gravity_behind_the_height_is_recorded_and_says_whether_anybody_chose_it

test result: FAILED. 0 passed; 4 failed; 0 ignored; 0 measured; 0 filtered out; finished in 0.00s

error: test failed, to rerun pass `-p plateforce-analysis --test one_id_reports_one_number_whichever_way_a_caller_arrives`
     Running tests/one_number_carries_one_chain.rs (target/debug/deps/one_number_carries_one_chain-e2dd6a3af2d040fa)

running 9 tests
test a_number_can_be_fingerprinted_from_the_response_that_reported_it ... FAILED
test a_quantity_no_rule_computed_is_rooted_at_the_rule_that_produced_it ... FAILED
test an_operator_sits_under_the_landmark_rule_it_composes_onto ... FAILED
test a_rule_the_chain_runs_is_a_rule_the_number_rests_on ... FAILED
test every_contributing_rule_is_somewhere_in_the_chain ... FAILED
test every_reported_quantity_gets_a_chain_in_the_order_the_response_lists_them ... FAILED
test the_arithmetic_roots_the_chain_and_carries_the_values_it_read ... FAILED
test the_integration_choices_behind_an_impulse_reach_the_record ... FAILED
test every_step_names_the_registry_behind_it ... FAILED

failures:

---- a_number_can_be_fingerprinted_from_the_response_that_reported_it stdout ----

thread 'a_number_can_be_fingerprinted_from_the_response_that_reported_it' (3340374) panicked at crates/plateforce-analysis/tests/one_number_carries_one_chain.rs:78:57:
the request is well formed: Refusal { code: RequiredParameterUnstated, method_id: "bwepoch.fixed_window", slot: Some("system_weight"), parameter: Some("dispersion"), value: None, named_value: None, detail: {}, available: [], message: "bwepoch.fixed_window publishes no default for dispersion, so it has to be stated" }
note: run with `RUST_BACKTRACE=1` environment variable to display a backtrace

---- a_quantity_no_rule_computed_is_rooted_at_the_rule_that_produced_it stdout ----

thread 'a_quantity_no_rule_computed_is_rooted_at_the_rule_that_produced_it' (3340375) panicked at crates/plateforce-analysis/tests/one_number_carries_one_chain.rs:78:57:
the request is well formed: Refusal { code: RequiredParameterUnstated, method_id: "bwepoch.fixed_window", slot: Some("system_weight"), parameter: Some("dispersion"), value: None, named_value: None, detail: {}, available: [], message: "bwepoch.fixed_window publishes no default for dispersion, so it has to be stated" }

---- an_operator_sits_under_the_landmark_rule_it_composes_onto stdout ----

thread 'an_operator_sits_under_the_landmark_rule_it_composes_onto' (3340377) panicked at crates/plateforce-analysis/tests/one_number_carries_one_chain.rs:78:57:
the request is well formed: Refusal { code: RequiredParameterUnstated, method_id: "bwepoch.fixed_window", slot: Some("system_weight"), parameter: Some("dispersion"), value: None, named_value: None, detail: {}, available: [], message: "bwepoch.fixed_window publishes no default for dispersion, so it has to be stated" }

---- a_rule_the_chain_runs_is_a_rule_the_number_rests_on stdout ----

thread 'a_rule_the_chain_runs_is_a_rule_the_number_rests_on' (3340376) panicked at crates/plateforce-analysis/tests/one_number_carries_one_chain.rs:78:57:
the request is well formed: Refusal { code: RequiredParameterUnstated, method_id: "bwepoch.fixed_window", slot: Some("system_weight"), parameter: Some("dispersion"), value: None, named_value: None, detail: {}, available: [], message: "bwepoch.fixed_window publishes no default for dispersion, so it has to be stated" }

---- every_contributing_rule_is_somewhere_in_the_chain stdout ----

thread 'every_contributing_rule_is_somewhere_in_the_chain' (3340378) panicked at crates/plateforce-analysis/tests/one_number_carries_one_chain.rs:78:57:
the request is well formed: Refusal { code: RequiredParameterUnstated, method_id: "bwepoch.fixed_window", slot: Some("system_weight"), parameter: Some("dispersion"), value: None, named_value: None, detail: {}, available: [], message: "bwepoch.fixed_window publishes no default for dispersion, so it has to be stated" }

---- every_reported_quantity_gets_a_chain_in_the_order_the_response_lists_them stdout ----

thread 'every_reported_quantity_gets_a_chain_in_the_order_the_response_lists_them' (3340379) panicked at crates/plateforce-analysis/tests/one_number_carries_one_chain.rs:78:57:
the request is well formed: Refusal { code: RequiredParameterUnstated, method_id: "bwepoch.fixed_window", slot: Some("system_weight"), parameter: Some("dispersion"), value: None, named_value: None, detail: {}, available: [], message: "bwepoch.fixed_window publishes no default for dispersion, so it has to be stated" }

---- the_arithmetic_roots_the_chain_and_carries_the_values_it_read stdout ----

thread 'the_arithmetic_roots_the_chain_and_carries_the_values_it_read' (3340381) panicked at crates/plateforce-analysis/tests/one_number_carries_one_chain.rs:78:57:
the request is well formed: Refusal { code: RequiredParameterUnstated, method_id: "bwepoch.fixed_window", slot: Some("system_weight"), parameter: Some("dispersion"), value: None, named_value: None, detail: {}, available: [], message: "bwepoch.fixed_window publishes no default for dispersion, so it has to be stated" }

---- the_integration_choices_behind_an_impulse_reach_the_record stdout ----

thread 'the_integration_choices_behind_an_impulse_reach_the_record' (3340382) panicked at crates/plateforce-analysis/tests/one_number_carries_one_chain.rs:78:57:
the request is well formed: Refusal { code: RequiredParameterUnstated, method_id: "bwepoch.fixed_window", slot: Some("system_weight"), parameter: Some("dispersion"), value: None, named_value: None, detail: {}, available: [], message: "bwepoch.fixed_window publishes no default for dispersion, so it has to be stated" }

---- every_step_names_the_registry_behind_it stdout ----

thread 'every_step_names_the_registry_behind_it' (3340380) panicked at crates/plateforce-analysis/tests/one_number_carries_one_chain.rs:78:57:
the request is well formed: Refusal { code: RequiredParameterUnstated, method_id: "bwepoch.fixed_window", slot: Some("system_weight"), parameter: Some("dispersion"), value: None, named_value: None, detail: {}, available: [], message: "bwepoch.fixed_window publishes no default for dispersion, so it has to be stated" }


failures:
    a_number_can_be_fingerprinted_from_the_response_that_reported_it
    a_quantity_no_rule_computed_is_rooted_at_the_rule_that_produced_it
    a_rule_the_chain_runs_is_a_rule_the_number_rests_on
    an_operator_sits_under_the_landmark_rule_it_composes_onto
    every_contributing_rule_is_somewhere_in_the_chain
    every_reported_quantity_gets_a_chain_in_the_order_the_response_lists_them
    every_step_names_the_registry_behind_it
    the_arithmetic_roots_the_chain_and_carries_the_values_it_read
    the_integration_choices_behind_an_impulse_reach_the_record

test result: FAILED. 0 passed; 9 failed; 0 ignored; 0 measured; 0 filtered out; finished in 0.00s

error: test failed, to rerun pass `-p plateforce-analysis --test one_number_carries_one_chain`
     Running tests/registry_backing_follows_the_list_the_engine_is_handed.rs (target/debug/deps/registry_backing_follows_the_list_the_engine_is_handed-0f6bbdc5424dab8d)

running 2 tests
test the_same_rule_reports_carried_or_not_according_to_the_list_alone ... FAILED
test withholding_one_id_changes_the_answer_for_that_id_and_no_other ... FAILED

failures:

---- the_same_rule_reports_carried_or_not_according_to_the_list_alone stdout ----

thread 'the_same_rule_reports_carried_or_not_according_to_the_list_alone' (3340384) panicked at crates/plateforce-analysis/tests/registry_backing_follows_the_list_the_engine_is_handed.rs:107:70:
the request runs: Refusal { code: RequiredParameterUnstated, method_id: "bwepoch.fixed_window", slot: Some("system_weight"), parameter: Some("dispersion"), value: None, named_value: None, detail: {}, available: [], message: "bwepoch.fixed_window publishes no default for dispersion, so it has to be stated" }
note: run with `RUST_BACKTRACE=1` environment variable to display a backtrace

---- withholding_one_id_changes_the_answer_for_that_id_and_no_other stdout ----

thread 'withholding_one_id_changes_the_answer_for_that_id_and_no_other' (3340385) panicked at crates/plateforce-analysis/tests/registry_backing_follows_the_list_the_engine_is_handed.rs:140:65:
the request runs: Refusal { code: RequiredParameterUnstated, method_id: "bwepoch.fixed_window", slot: Some("system_weight"), parameter: Some("dispersion"), value: None, named_value: None, detail: {}, available: [], message: "bwepoch.fixed_window publishes no default for dispersion, so it has to be stated" }


failures:
    the_same_rule_reports_carried_or_not_according_to_the_list_alone
    withholding_one_id_changes_the_answer_for_that_id_and_no_other

test result: FAILED. 0 passed; 2 failed; 0 ignored; 0 measured; 0 filtered out; finished in 0.14s

error: test failed, to rerun pass `-p plateforce-analysis --test registry_backing_follows_the_list_the_engine_is_handed`
     Running tests/the_analysis_records_the_gravity_its_numbers_ran_under.rs (target/debug/deps/the_analysis_records_the_gravity_its_numbers_ran_under-e9ec1bb32d1e08d6)

running 5 tests
test stating_the_standard_value_is_an_act_and_stating_nothing_is_not ... ok
test one_gravity_under_two_claims_gives_two_records_and_moves_only_the_rule_that_reads_the_claim ... FAILED
test a_gravity_nobody_chose_leaves_exactly_the_numbers_whose_rules_publish_their_own ... FAILED
test every_number_the_analysis_gravity_moves_runs_in_an_analysis_whose_record_names_that_gravity ... FAILED
test the_record_names_every_value_the_request_binds_and_no_rule_records ... FAILED

failures:

---- one_gravity_under_two_claims_gives_two_records_and_moves_only_the_rule_that_reads_the_claim stdout ----

thread 'one_gravity_under_two_claims_gives_two_records_and_moves_only_the_rule_that_reads_the_claim' (3340467) panicked at crates/plateforce-analysis/tests/the_analysis_records_the_gravity_its_numbers_ran_under.rs:83:41:
the trace carries every landmark: Refusal { code: RequiredParameterUnstated, method_id: "bwepoch.fixed_window", slot: Some("system_weight"), parameter: Some("dispersion"), value: None, named_value: None, detail: {}, available: [], message: "bwepoch.fixed_window publishes no default for dispersion, so it has to be stated" }

---- a_gravity_nobody_chose_leaves_exactly_the_numbers_whose_rules_publish_their_own stdout ----

thread 'a_gravity_nobody_chose_leaves_exactly_the_numbers_whose_rules_publish_their_own' (3340465) panicked at crates/plateforce-analysis/tests/the_analysis_records_the_gravity_its_numbers_ran_under.rs:83:41:
the trace carries every landmark: Refusal { code: RequiredParameterUnstated, method_id: "bwepoch.fixed_window", slot: Some("system_weight"), parameter: Some("dispersion"), value: None, named_value: None, detail: {}, available: [], message: "bwepoch.fixed_window publishes no default for dispersion, so it has to be stated" }
note: run with `RUST_BACKTRACE=1` environment variable to display a backtrace

---- every_number_the_analysis_gravity_moves_runs_in_an_analysis_whose_record_names_that_gravity stdout ----

thread 'every_number_the_analysis_gravity_moves_runs_in_an_analysis_whose_record_names_that_gravity' (3340466) panicked at crates/plateforce-analysis/tests/the_analysis_records_the_gravity_its_numbers_ran_under.rs:83:41:
the trace carries every landmark: Refusal { code: RequiredParameterUnstated, method_id: "bwepoch.fixed_window", slot: Some("system_weight"), parameter: Some("dispersion"), value: None, named_value: None, detail: {}, available: [], message: "bwepoch.fixed_window publishes no default for dispersion, so it has to be stated" }

---- the_record_names_every_value_the_request_binds_and_no_rule_records stdout ----

thread 'the_record_names_every_value_the_request_binds_and_no_rule_records' (3340469) panicked at crates/plateforce-analysis/tests/the_analysis_records_the_gravity_its_numbers_ran_under.rs:232:52:
the trace carries every landmark: Refusal { code: RequiredParameterUnstated, method_id: "bwepoch.fixed_window", slot: Some("system_weight"), parameter: Some("dispersion"), value: None, named_value: None, detail: {}, available: [], message: "bwepoch.fixed_window publishes no default for dispersion, so it has to be stated" }


failures:
    a_gravity_nobody_chose_leaves_exactly_the_numbers_whose_rules_publish_their_own
    every_number_the_analysis_gravity_moves_runs_in_an_analysis_whose_record_names_that_gravity
    one_gravity_under_two_claims_gives_two_records_and_moves_only_the_rule_that_reads_the_claim
    the_record_names_every_value_the_request_binds_and_no_rule_records

test result: FAILED. 1 passed; 4 failed; 0 ignored; 0 measured; 0 filtered out; finished in 0.00s

error: test failed, to rerun pass `-p plateforce-analysis --test the_analysis_records_the_gravity_its_numbers_ran_under`
     Running tests/the_chain_behind_a_number_names_the_gravity_that_moved_it.rs (target/debug/deps/the_chain_behind_a_number_names_the_gravity_that_moved_it-46317655b964eaa3)

running 4 tests
test a_rule_publishing_its_own_gravity_puts_the_one_it_ran_at_into_the_chain ... FAILED
test every_number_the_analysis_gravity_moves_carries_it_in_its_chain ... FAILED
test two_gravities_that_move_a_number_give_it_two_fingerprints ... FAILED
test the_gravity_a_number_names_is_recorded_once_at_the_root_and_is_the_one_it_ran_at ... FAILED

failures:

---- a_rule_publishing_its_own_gravity_puts_the_one_it_ran_at_into_the_chain stdout ----

thread 'a_rule_publishing_its_own_gravity_puts_the_one_it_ran_at_into_the_chain' (3340474) panicked at crates/plateforce-analysis/tests/the_chain_behind_a_number_names_the_gravity_that_moved_it.rs:101:41:
the trace carries every landmark: Refusal { code: RequiredParameterUnstated, method_id: "bwepoch.fixed_window", slot: Some("system_weight"), parameter: Some("dispersion"), value: None, named_value: None, detail: {}, available: [], message: "bwepoch.fixed_window publishes no default for dispersion, so it has to be stated" }
note: run with `RUST_BACKTRACE=1` environment variable to display a backtrace

---- every_number_the_analysis_gravity_moves_carries_it_in_its_chain stdout ----

thread 'every_number_the_analysis_gravity_moves_carries_it_in_its_chain' (3340475) panicked at crates/plateforce-analysis/tests/the_chain_behind_a_number_names_the_gravity_that_moved_it.rs:101:41:
the trace carries every landmark: Refusal { code: RequiredParameterUnstated, method_id: "bwepoch.fixed_window", slot: Some("system_weight"), parameter: Some("dispersion"), value: None, named_value: None, detail: {}, available: [], message: "bwepoch.fixed_window publishes no default for dispersion, so it has to be stated" }

---- two_gravities_that_move_a_number_give_it_two_fingerprints stdout ----

thread 'two_gravities_that_move_a_number_give_it_two_fingerprints' (3340477) panicked at crates/plateforce-analysis/tests/the_chain_behind_a_number_names_the_gravity_that_moved_it.rs:101:41:
the trace carries every landmark: Refusal { code: RequiredParameterUnstated, method_id: "bwepoch.fixed_window", slot: Some("system_weight"), parameter: Some("dispersion"), value: None, named_value: None, detail: {}, available: [], message: "bwepoch.fixed_window publishes no default for dispersion, so it has to be stated" }

---- the_gravity_a_number_names_is_recorded_once_at_the_root_and_is_the_one_it_ran_at stdout ----

thread 'the_gravity_a_number_names_is_recorded_once_at_the_root_and_is_the_one_it_ran_at' (3340476) panicked at crates/plateforce-analysis/tests/the_chain_behind_a_number_names_the_gravity_that_moved_it.rs:101:41:
the trace carries every landmark: Refusal { code: RequiredParameterUnstated, method_id: "bwepoch.fixed_window", slot: Some("system_weight"), parameter: Some("dispersion"), value: None, named_value: None, detail: {}, available: [], message: "bwepoch.fixed_window publishes no default for dispersion, so it has to be stated" }


failures:
    a_rule_publishing_its_own_gravity_puts_the_one_it_ran_at_into_the_chain
    every_number_the_analysis_gravity_moves_carries_it_in_its_chain
    the_gravity_a_number_names_is_recorded_once_at_the_root_and_is_the_one_it_ran_at
    two_gravities_that_move_a_number_give_it_two_fingerprints

test result: FAILED. 0 passed; 4 failed; 0 ignored; 0 measured; 0 filtered out; finished in 0.00s

error: test failed, to rerun pass `-p plateforce-analysis --test the_chain_behind_a_number_names_the_gravity_that_moved_it`
     Running tests/the_headline_number_names_the_integration_it_rests_on.rs (target/debug/deps/the_headline_number_names_the_integration_it_rests_on-ceb8c979e2a91cdb)

running 2 tests
test the_numbers_read_off_the_velocity_series_name_the_integration_and_the_impulse_does_not ... FAILED
test the_two_integration_starts_give_two_takeoff_velocities_from_one_recording ... FAILED

failures:

---- the_numbers_read_off_the_velocity_series_name_the_integration_and_the_impulse_does_not stdout ----

thread 'the_numbers_read_off_the_velocity_series_name_the_integration_and_the_impulse_does_not' (3340485) panicked at crates/plateforce-analysis/tests/the_headline_number_names_the_integration_it_rests_on.rs:71:69:
the spine runs: Refusal { code: RequiredParameterUnstated, method_id: "bwepoch.fixed_window", slot: Some("system_weight"), parameter: Some("dispersion"), value: None, named_value: None, detail: {}, available: [], message: "bwepoch.fixed_window publishes no default for dispersion, so it has to be stated" }
note: run with `RUST_BACKTRACE=1` environment variable to display a backtrace

---- the_two_integration_starts_give_two_takeoff_velocities_from_one_recording stdout ----

thread 'the_two_integration_starts_give_two_takeoff_velocities_from_one_recording' (3340486) panicked at crates/plateforce-analysis/tests/the_headline_number_names_the_integration_it_rests_on.rs:102:44:
the spine runs: Refusal { code: RequiredParameterUnstated, method_id: "bwepoch.fixed_window", slot: Some("system_weight"), parameter: Some("dispersion"), value: None, named_value: None, detail: {}, available: [], message: "bwepoch.fixed_window publishes no default for dispersion, so it has to be stated" }


failures:
    the_numbers_read_off_the_velocity_series_name_the_integration_and_the_impulse_does_not
    the_two_integration_starts_give_two_takeoff_velocities_from_one_recording

test result: FAILED. 0 passed; 2 failed; 0 ignored; 0 measured; 0 filtered out; finished in 0.00s

error: test failed, to rerun pass `-p plateforce-analysis --test the_headline_number_names_the_integration_it_rests_on`
     Running tests/the_operators_a_default_request_composes.rs (target/debug/deps/the_operators_a_default_request_composes-5488cbf2cf87069b)

running 4 tests
test the_persistence_operator_runs_when_nobody_asked_for_it ... FAILED
test the_reader_this_file_counts_operators_with_is_blind_to_the_construct ... ok
test every_operator_composed_unasked_carries_a_verdict_a_surface_can_act_on ... FAILED
test every_construct_anchors_its_search_at_the_same_place_and_composes_no_deprecated_rule ... FAILED

failures:

---- the_persistence_operator_runs_when_nobody_asked_for_it stdout ----

thread 'the_persistence_operator_runs_when_nobody_asked_for_it' (3340495) panicked at crates/plateforce-analysis/tests/the_operators_a_default_request_composes.rs:200:51:
a bare request runs: Refusal { code: RequiredParameterUnstated, method_id: "bwepoch.fixed_window", slot: Some("system_weight"), parameter: Some("dispersion"), value: None, named_value: None, detail: {}, available: [], message: "bwepoch.fixed_window publishes no default for dispersion, so it has to be stated" }
note: run with `RUST_BACKTRACE=1` environment variable to display a backtrace

---- every_operator_composed_unasked_carries_a_verdict_a_surface_can_act_on stdout ----

thread 'every_operator_composed_unasked_carries_a_verdict_a_surface_can_act_on' (3340494) panicked at crates/plateforce-analysis/tests/the_operators_a_default_request_composes.rs:222:51:
a bare request runs: Refusal { code: RequiredParameterUnstated, method_id: "bwepoch.fixed_window", slot: Some("system_weight"), parameter: Some("dispersion"), value: None, named_value: None, detail: {}, available: [], message: "bwepoch.fixed_window publishes no default for dispersion, so it has to be stated" }

---- every_construct_anchors_its_search_at_the_same_place_and_composes_no_deprecated_rule stdout ----

thread 'every_construct_anchors_its_search_at_the_same_place_and_composes_no_deprecated_rule' (3340493) panicked at crates/plateforce-analysis/tests/the_operators_a_default_request_composes.rs:126:51:
a bare request runs: Refusal { code: RequiredParameterUnstated, method_id: "bwepoch.fixed_window", slot: Some("system_weight"), parameter: Some("dispersion"), value: None, named_value: None, detail: {}, available: [], message: "bwepoch.fixed_window publishes no default for dispersion, so it has to be stated" }


failures:
    every_construct_anchors_its_search_at_the_same_place_and_composes_no_deprecated_rule
    every_operator_composed_unasked_carries_a_verdict_a_surface_can_act_on
    the_persistence_operator_runs_when_nobody_asked_for_it

test result: FAILED. 1 passed; 3 failed; 0 ignored; 0 measured; 0 filtered out; finished in 0.14s

error: test failed, to rerun pass `-p plateforce-analysis --test the_operators_a_default_request_composes`
     Running tests/the_ratio_family_says_which_denominator_it_divided_by.rs (target/debug/deps/the_ratio_family_says_which_denominator_it_divided_by-ba10d24b46c4da61)

running 6 tests
test the_three_velocity_terms_are_three_numbers_from_one_recording ... FAILED
test the_push_off_index_is_not_the_index_it_would_have_replaced ... FAILED
test a_recording_that_ends_before_the_dwell_says_how_much_it_holds ... FAILED
test the_two_numerators_are_two_numbers_over_one_denominator ... FAILED
test the_ratio_refuses_a_figure_nobody_attributed ... FAILED
test the_uniform_acceleration_assumption_is_measured_over_every_committed_trial ... FAILED

failures:

---- the_three_velocity_terms_are_three_numbers_from_one_recording stdout ----

thread 'the_three_velocity_terms_are_three_numbers_from_one_recording' (3340650) panicked at crates/plateforce-analysis/tests/the_ratio_family_says_which_denominator_it_divided_by.rs:138:41:
the request is answerable: Refusal { code: RequiredParameterUnstated, method_id: "bwepoch.fixed_window", slot: Some("system_weight"), parameter: Some("dispersion"), value: None, named_value: None, detail: {}, available: [], message: "bwepoch.fixed_window publishes no default for dispersion, so it has to be stated" }
note: run with `RUST_BACKTRACE=1` environment variable to display a backtrace

---- the_push_off_index_is_not_the_index_it_would_have_replaced stdout ----

thread 'the_push_off_index_is_not_the_index_it_would_have_replaced' (3340648) panicked at crates/plateforce-analysis/tests/the_ratio_family_says_which_denominator_it_divided_by.rs:236:6:
the request is answerable: Refusal { code: RequiredParameterUnstated, method_id: "bwepoch.fixed_window", slot: Some("system_weight"), parameter: Some("dispersion"), value: None, named_value: None, detail: {}, available: [], message: "bwepoch.fixed_window publishes no default for dispersion, so it has to be stated" }

---- a_recording_that_ends_before_the_dwell_says_how_much_it_holds stdout ----

thread 'a_recording_that_ends_before_the_dwell_says_how_much_it_holds' (3340647) panicked at crates/plateforce-analysis/tests/the_ratio_family_says_which_denominator_it_divided_by.rs:340:6:
the request is answerable: Refusal { code: RequiredParameterUnstated, method_id: "bwepoch.fixed_window", slot: Some("system_weight"), parameter: Some("dispersion"), value: None, named_value: None, detail: {}, available: [], message: "bwepoch.fixed_window publishes no default for dispersion, so it has to be stated" }

---- the_two_numerators_are_two_numbers_over_one_denominator stdout ----

thread 'the_two_numerators_are_two_numbers_over_one_denominator' (3340651) panicked at crates/plateforce-analysis/tests/the_ratio_family_says_which_denominator_it_divided_by.rs:264:14:
the request is answerable: Refusal { code: RequiredParameterUnstated, method_id: "bwepoch.fixed_window", slot: Some("system_weight"), parameter: Some("dispersion"), value: None, named_value: None, detail: {}, available: [], message: "bwepoch.fixed_window publishes no default for dispersion, so it has to be stated" }

---- the_ratio_refuses_a_figure_nobody_attributed stdout ----

thread 'the_ratio_refuses_a_figure_nobody_attributed' (3340649) panicked at crates/plateforce-analysis/tests/the_ratio_family_says_which_denominator_it_divided_by.rs:294:6:
the request is answerable: Refusal { code: RequiredParameterUnstated, method_id: "bwepoch.fixed_window", slot: Some("system_weight"), parameter: Some("dispersion"), value: None, named_value: None, detail: {}, available: [], message: "bwepoch.fixed_window publishes no default for dispersion, so it has to be stated" }

---- the_uniform_acceleration_assumption_is_measured_over_every_committed_trial stdout ----

thread 'the_uniform_acceleration_assumption_is_measured_over_every_committed_trial' (3340652) panicked at crates/plateforce-analysis/tests/the_ratio_family_says_which_denominator_it_divided_by.rs:138:41:
the request is answerable: Refusal { code: RequiredParameterUnstated, method_id: "bwepoch.fixed_window", slot: Some("system_weight"), parameter: Some("dispersion"), value: None, named_value: None, detail: {}, available: [], message: "bwepoch.fixed_window publishes no default for dispersion, so it has to be stated" }


failures:
    a_recording_that_ends_before_the_dwell_says_how_much_it_holds
    the_push_off_index_is_not_the_index_it_would_have_replaced
    the_ratio_refuses_a_figure_nobody_attributed
    the_three_velocity_terms_are_three_numbers_from_one_recording
    the_two_numerators_are_two_numbers_over_one_denominator
    the_uniform_acceleration_assumption_is_measured_over_every_committed_trial

test result: FAILED. 0 passed; 6 failed; 0 ignored; 0 measured; 0 filtered out; finished in 0.01s

error: test failed, to rerun pass `-p plateforce-analysis --test the_ratio_family_says_which_denominator_it_divided_by`
     Running tests/the_window_a_sequential_rate_reports_is_the_one_the_caller_named.rs (target/debug/deps/the_window_a_sequential_rate_reports_is_the_one_the_caller_named-14210a7d0b1102af)

running 3 tests
test the_force_at_an_epoch_is_the_sample_the_recording_holds_there ... FAILED
test a_sequential_rate_with_no_window_named_refuses_by_that_name ... FAILED
test the_first_sequential_window_is_the_overlapping_scheme_at_the_same_width ... FAILED

failures:

---- the_force_at_an_epoch_is_the_sample_the_recording_holds_there stdout ----

thread 'the_force_at_an_epoch_is_the_sample_the_recording_holds_there' (3340662) panicked at crates/plateforce-analysis/tests/the_window_a_sequential_rate_reports_is_the_one_the_caller_named.rs:177:6:
the request runs: Refusal { code: RequiredParameterUnstated, method_id: "bwepoch.fixed_window", slot: Some("system_weight"), parameter: Some("dispersion"), value: None, named_value: None, detail: {}, available: [], message: "bwepoch.fixed_window publishes no default for dispersion, so it has to be stated" }
note: run with `RUST_BACKTRACE=1` environment variable to display a backtrace

---- a_sequential_rate_with_no_window_named_refuses_by_that_name stdout ----

thread 'a_sequential_rate_with_no_window_named_refuses_by_that_name' (3340660) panicked at crates/plateforce-analysis/tests/the_window_a_sequential_rate_reports_is_the_one_the_caller_named.rs:149:6:
the request runs, and the rule inside it declines: Refusal { code: RequiredParameterUnstated, method_id: "bwepoch.fixed_window", slot: Some("system_weight"), parameter: Some("dispersion"), value: None, named_value: None, detail: {}, available: [], message: "bwepoch.fixed_window publishes no default for dispersion, so it has to be stated" }

---- the_first_sequential_window_is_the_overlapping_scheme_at_the_same_width stdout ----

thread 'the_first_sequential_window_is_the_overlapping_scheme_at_the_same_width' (3340661) panicked at crates/plateforce-analysis/tests/the_window_a_sequential_rate_reports_is_the_one_the_caller_named.rs:87:70:
the request runs: Refusal { code: RequiredParameterUnstated, method_id: "bwepoch.fixed_window", slot: Some("system_weight"), parameter: Some("dispersion"), value: None, named_value: None, detail: {}, available: [], message: "bwepoch.fixed_window publishes no default for dispersion, so it has to be stated" }


failures:
    a_sequential_rate_with_no_window_named_refuses_by_that_name
    the_first_sequential_window_is_the_overlapping_scheme_at_the_same_width
    the_force_at_an_epoch_is_the_sample_the_recording_holds_there

test result: FAILED. 0 passed; 3 failed; 0 ignored; 0 measured; 0 filtered out; finished in 0.01s

error: test failed, to rerun pass `-p plateforce-analysis --test the_window_a_sequential_rate_reports_is_the_one_the_caller_named`
     Running tests/the_worked_example_a_reader_copies_is_the_one_this_engine_writes.rs (target/debug/deps/the_worked_example_a_reader_copies_is_the_one_this_engine_writes-e8de1d4a1650f9c3)

running 2 tests
test the_readme_still_names_the_registry_behind_the_number ... ok
test the_readme_prints_the_account_this_engine_writes ... FAILED

failures:

---- the_readme_prints_the_account_this_engine_writes stdout ----

thread 'the_readme_prints_the_account_this_engine_writes' (3340674) panicked at crates/plateforce-analysis/tests/the_worked_example_a_reader_copies_is_the_one_this_engine_writes.rs:67:42:
the committed trial computes: Refusal { code: RequiredParameterUnstated, method_id: "bwepoch.fixed_window", slot: Some("system_weight"), parameter: Some("dispersion"), value: None, named_value: None, detail: {}, available: [], message: "bwepoch.fixed_window publishes no default for dispersion, so it has to be stated" }
note: run with `RUST_BACKTRACE=1` environment variable to display a backtrace


failures:
    the_readme_prints_the_account_this_engine_writes

test result: FAILED. 1 passed; 1 failed; 0 ignored; 0 measured; 0 filtered out; finished in 0.01s

error: test failed, to rerun pass `-p plateforce-analysis --test the_worked_example_a_reader_copies_is_the_one_this_engine_writes`
     Running tests/two_phase_models_produce_two_shapes_of_answer.rs (target/debug/deps/two_phase_models_produce_two_shapes_of_answer-ff18462fe217d2c7)

running 4 tests
test the_net_force_rule_ends_the_lift_before_the_other_two_and_the_gap_is_the_deceleration ... FAILED
test no_two_phase_models_publish_the_same_set_of_keys ... FAILED
test the_four_analysis_windows_are_four_different_stretches_of_one_recording ... FAILED
test the_hand_placed_lift_start_refuses_an_unstated_instant_and_honours_a_stated_one ... FAILED

failures:

---- the_net_force_rule_ends_the_lift_before_the_other_two_and_the_gap_is_the_deceleration stdout ----

thread 'the_net_force_rule_ends_the_lift_before_the_other_two_and_the_gap_is_the_deceleration' (3340691) panicked at crates/plateforce-analysis/tests/two_phase_models_produce_two_shapes_of_answer.rs:167:77:
well formed: Refusal { code: RequiredParameterUnstated, method_id: "bwepoch.fixed_window", slot: Some("system_weight"), parameter: Some("dispersion"), value: None, named_value: None, detail: {}, available: [], message: "bwepoch.fixed_window publishes no default for dispersion, so it has to be stated" }
note: run with `RUST_BACKTRACE=1` environment variable to display a backtrace

---- no_two_phase_models_publish_the_same_set_of_keys stdout ----

thread 'no_two_phase_models_publish_the_same_set_of_keys' (3340688) panicked at crates/plateforce-analysis/tests/two_phase_models_produce_two_shapes_of_answer.rs:112:72:
well formed: Refusal { code: RequiredParameterUnstated, method_id: "bwepoch.fixed_window", slot: Some("system_weight"), parameter: Some("dispersion"), value: None, named_value: None, detail: {}, available: [], message: "bwepoch.fixed_window publishes no default for dispersion, so it has to be stated" }

---- the_four_analysis_windows_are_four_different_stretches_of_one_recording stdout ----

thread 'the_four_analysis_windows_are_four_different_stretches_of_one_recording' (3340689) panicked at crates/plateforce-analysis/tests/two_phase_models_produce_two_shapes_of_answer.rs:289:75:
well formed: Refusal { code: RequiredParameterUnstated, method_id: "bwepoch.fixed_window", slot: Some("system_weight"), parameter: Some("dispersion"), value: None, named_value: None, detail: {}, available: [], message: "bwepoch.fixed_window publishes no default for dispersion, so it has to be stated" }

---- the_hand_placed_lift_start_refuses_an_unstated_instant_and_honours_a_stated_one stdout ----

thread 'the_hand_placed_lift_start_refuses_an_unstated_instant_and_honours_a_stated_one' (3340690) panicked at crates/plateforce-analysis/tests/two_phase_models_produce_two_shapes_of_answer.rs:230:73:
well formed: Refusal { code: RequiredParameterUnstated, method_id: "bwepoch.fixed_window", slot: Some("system_weight"), parameter: Some("dispersion"), value: None, named_value: None, detail: {}, available: [], message: "bwepoch.fixed_window publishes no default for dispersion, so it has to be stated" }


failures:
    no_two_phase_models_publish_the_same_set_of_keys
    the_four_analysis_windows_are_four_different_stretches_of_one_recording
    the_hand_placed_lift_start_refuses_an_unstated_instant_and_honours_a_stated_one
    the_net_force_rule_ends_the_lift_before_the_other_two_and_the_gap_is_the_deceleration

test result: FAILED. 0 passed; 4 failed; 0 ignored; 0 measured; 0 filtered out; finished in 0.01s

error: test failed, to rerun pass `-p plateforce-analysis --test two_phase_models_produce_two_shapes_of_answer`
     Running unittests src/lib.rs (target/debug/deps/plateforce_batch-48a227dfe29646ca)

running 44 tests
test derive::tests::a_construct_this_build_runs_no_rule_for_is_refused_with_the_ones_it_does ... ok
test engine::rows_come_from_the_chain_step::the_rules_spelling_is_taken_only_where_it_is_the_same_number ... ok
test derive::tests::a_line_carrying_no_equals_is_a_fault_in_the_line_rather_than_a_recorded_refusal ... ok
test engine::rows_come_from_the_chain_step::a_value_only_the_step_carries_reaches_the_relation ... ok
test derive::tests::an_id_filed_under_another_construct_is_refused_with_the_ones_filed_under_this_one ... ok
test fingerprint::tests::a_run_that_recorded_its_plate_publishes_its_digest ... ok
test fingerprint::tests::a_run_with_no_acquisition_block_publishes_no_digest ... ok
test fingerprint::tests::a_changed_parameter_is_a_different_chain ... ok
test derive::tests::the_quantities_a_bound_rule_declares_are_read_off_its_binding_row ... ok
test engine::rows_come_from_the_chain_step::a_choice_carried_beside_the_step_reaches_the_relation ... ok
test engine::rows_come_from_the_chain_step::a_step_that_read_nothing_still_names_its_rule ... ok
test fingerprint::tests::the_digest_carries_the_shape_the_registry_already_uses ... ok
test relations::tests::a_file_that_left_the_denominator_without_being_named_fails_its_own_invariant ... ok
test fingerprint::tests::two_runs_off_different_plates_are_two_runs ... ok
test sweep::tests::a_derived_rule_names_its_construct_as_the_axis ... ok
test identity::tests::two_placeholders_with_nothing_between_them_are_refused ... ok
test relations::tests::a_table_writes_a_number_the_way_the_analysed_record_writes_it ... ok
test fingerprint::tests::two_runs_that_ran_different_rules_the_same_number_of_ways_differ ... ok
test relations::tests::the_result_header_carries_the_four_keys_then_the_quantities_in_order ... ok
test fingerprint::tests::one_chain_gets_one_id_however_the_rows_are_ordered ... ok
test relations::tests::a_run_that_named_more_trials_than_it_placed_fails_its_own_invariant ... ok
test identity::tests::a_template_pulls_the_subject_and_the_trial_out_of_a_name ... ok
test sweep::tests::a_rule_named_twice_is_one_variant ... ok
test sweep::tests::a_step_this_run_never_bound_is_refused_naming_how_to_bind_it ... ok
test identity::tests::the_longest_declared_suffix_names_the_stem ... ok
test relations::tests::excluding_more_trials_than_computed_fails_its_own_invariant ... ok
test fingerprint::tests::one_run_fingerprints_the_same_way_twice ... ok
test write_csv::tests::a_field_carrying_the_separator_survives_the_round_trip ... ok
test synthetic::tests::a_generated_trace_stands_still_then_leaves_the_plate ... ok
test relations::tests::files_carrying_no_declared_suffix_are_counted_outside_the_named_denominator ... ok
test sweep::tests::rules_from_two_steps_are_refused_naming_both ... ok
test sweep::tests::the_bound_rule_written_against_itself_is_one_variant ... ok
test identity::tests::a_name_the_template_does_not_describe_yields_nothing ... ok
test engine::rows_come_from_the_chain_step::a_choice_the_step_already_records_is_written_once ... ok
test relations::tests::a_whole_number_reads_as_the_digits_somebody_would_type ... ok
test sweep::tests::a_step_written_where_a_rule_goes_is_refused_with_that_step_s_rules ... ok
test fingerprint::tests::what_a_lab_calls_its_plate_is_not_part_of_the_digest ... ok
test sweep::tests::a_landmark_nothing_was_bound_for_is_refused_naming_its_own_flag ... ok
test sweep::tests::a_name_no_rule_answers_to_is_refused_with_the_ones_that_do ... ok
test sweep::tests::an_onset_rule_names_the_onset_step_and_the_bound_rule_opens_the_list ... ok
test synthetic::tests::one_seed_generates_one_corpus ... ok
test decisions::tests::a_jump_height_path_with_nothing_resolved_is_two_decisions_and_not_nine ... ok
test decisions::tests::takeoff_carries_entries_and_no_decision ... ok
test decisions::tests::a_resolved_construct_is_no_longer_a_decision ... ok

test result: ok. 44 passed; 0 failed; 0 ignored; 0 measured; 0 filtered out; finished in 0.19s

     Running tests/a_binding_the_run_cannot_make_is_refused_once.rs (target/debug/deps/a_binding_the_run_cannot_make_is_refused_once-6f5f7649d40956c2)

running 3 tests
test an_id_filed_under_another_construct_refuses_the_run ... ok
test a_construct_with_no_rule_behind_it_refuses_the_run_rather_than_each_trial ... ok
test a_binding_this_build_can_make_is_not_refused ... ok

test result: ok. 3 passed; 0 failed; 0 ignored; 0 measured; 0 filtered out; finished in 0.65s

     Running tests/a_comparison_varies_the_step_it_was_asked_to.rs (target/debug/deps/a_comparison_varies_the_step_it_was_asked_to-75650c92192628ae)

running 6 tests
test a_construct_computed_from_the_landmarks_is_an_axis_a_folder_can_sweep ... ok
test a_comparison_with_no_plate_recorded_publishes_no_fingerprint ... ok
test an_onset_comparison_still_varies_onset_and_names_it ... ok
test a_comparison_carries_the_registry_and_the_plate_it_ran_under ... ok
test variants_that_differ_only_in_a_derived_rule_carry_different_chains ... ok
test the_step_a_comparison_sweeps_follows_the_rules_it_was_given ... ok

test result: ok. 6 passed; 0 failed; 0 ignored; 0 measured; 0 filtered out; finished in 2.08s

     Running tests/a_folder_may_hold_more_than_one_athlete.rs (target/debug/deps/a_folder_may_hold_more_than_one_athlete-be9abad22acaf3dd)

running 7 tests
test masses_by_subject_over_a_folder_with_no_pattern_are_refused ... ok
test an_athlete_the_masses_do_not_cover_is_refused ... ok
test a_mass_for_an_athlete_who_is_not_here_is_refused ... ok
test the_record_names_a_mass_for_each_athlete ... ok
test each_athletes_trials_run_under_that_athletes_mass ... ok
test a_folder_of_one_athlete_still_states_one_mass ... ok
test two_squads_at_different_masses_are_two_requests ... ok

test result: ok. 7 passed; 0 failed; 0 ignored; 0 measured; 0 filtered out; finished in 1.35s

     Running tests/a_folder_run_carries_each_numbers_own_account.rs (target/debug/deps/a_folder_run_carries_each_numbers_own_account-08e6a98bf4193d4c)

running 3 tests
test the_envelope_carries_the_accounts_the_tables_carry ... ok
test a_run_writes_its_accounts_beside_its_numbers_and_reads_them_back_whole ... ok
test every_account_the_engine_wrote_reaches_the_run ... ok

test result: ok. 3 passed; 0 failed; 0 ignored; 0 measured; 0 filtered out; finished in 0.65s

     Running tests/a_gate_finding_reaches_the_reader_who_opens_the_folder.rs (target/debug/deps/a_gate_finding_reaches_the_reader_who_opens_the_folder-ceb560693686f352)

running 4 tests
test the_columnar_surface_carries_the_findings_too ... ok
test every_column_carries_something_the_results_table_does_not ... ok
test a_run_writes_its_gate_findings_beside_its_numbers ... ok
test the_outcome_column_says_whether_the_trial_left_the_population ... ok

test result: ok. 4 passed; 0 failed; 0 ignored; 0 measured; 0 filtered out; finished in 1.35s

     Running tests/a_gate_that_was_applied_removes_the_trial.rs (target/debug/deps/a_gate_that_was_applied_removes_the_trial-6599b856ef2569cf)

running 3 tests
test a_gate_that_only_reports_leaves_every_trial_in_the_population ... ok
test a_reliability_figure_leaves_out_the_trials_the_run_removed ... ok
test a_figure_is_not_taken_over_the_trials_the_run_says_it_removed ... ok

test result: ok. 3 passed; 0 failed; 0 ignored; 0 measured; 0 filtered out; finished in 0.70s

     Running tests/a_run_over_a_folder_carries_what_the_analysis_knew.rs (target/debug/deps/a_run_over_a_folder_carries_what_the_analysis_knew-f30960034f0ed983)

running 6 tests
test the_columns_a_signal_names_are_columns_the_results_table_carries ... ok
test the_columnar_surface_carries_them_too ... ok
test the_rendered_table_says_it_too ... ok
test the_envelope_carries_the_signals_through_a_round_trip ... ok
test a_run_writes_its_signals_beside_its_numbers ... ok
test every_signal_the_analysis_raised_reaches_the_run ... ok

test result: ok. 6 passed; 0 failed; 0 ignored; 0 measured; 0 filtered out; finished in 0.60s

     Running tests/aggregation.rs (target/debug/deps/aggregation-05934074abd23912)

running 10 tests
test aggregation_without_a_declared_rule_is_refused ... ok
test aggregation_without_a_declared_count_is_refused ... ok
test a_group_smaller_than_the_rule_requires_names_the_count_it_had_and_the_count_it_needs ... ok
test a_run_level_reduction_claims_no_published_rule ... ok
test grouping_by_subject_pools_the_occasions_that_grouping_by_session_keeps_apart ... ok
test grouping_refusal_names_the_pattern_that_would_supply_a_subject ... ok
test bound_aggregation_writes_one_more ... ok
test no_aggregation_writes_the_relations_without_a_fifth ... ok
test a_rule_that_ranks_on_a_quantity_this_analysis_does_not_produce_refuses_by_name ... ok
test an_aggregate_names_its_rule_and_its_n ... ok

test result: ok. 10 passed; 0 failed; 0 ignored; 0 measured; 0 filtered out; finished in 2.10s

     Running tests/agreement.rs (target/debug/deps/agreement-885c4f83f5f59a2c)

running 18 tests
test every_value_these_choices_take_is_a_word_a_caller_can_state ... ok
test every_agreement_refusal_carries_a_published_code ... ok
test pairs_from_two_files_are_refused_and_named ... ok
test bland_altman_refuses_when_neither_required_parameter_is_stated ... ok
test every_statistic_id_resolves_in_one_table_and_the_registry_carries_it ... ok
test pairs_from_one_trace_satisfy_the_design_and_record_it ... ok
test a_compare_run_leaves_the_machine_with_its_record_beside_it ... ok
test a_correlation_arrives_with_its_limits_or_not_at_all ... ok
test a_variant_that_could_not_run_stays_in_the_denominator_with_its_reason ... ok
test a_compare_run_records_what_it_walked_and_which_step_it_swept ... ok
test paired_relation_is_one_row_per_trial_per_method ... ok
test a_compare_run_refuses_an_unnamed_file_rather_than_dropping_it ... ok
test the_dispersion_the_request_states_is_the_one_the_limits_use ... ok
test every_paired_value_reaches_the_rules_that_produced_it ... ok
test the_subject_unit_of_analysis_needs_a_declared_grouping ... ok
test ordinary_least_products_runs_over_the_same_pairs ... ok
test a_swept_slot_reports_the_rules_own_values_and_not_a_pinned_index ... ok
test headline_shape ... ok

test result: ok. 18 passed; 0 failed; 0 ignored; 0 measured; 0 filtered out; finished in 1.32s

     Running tests/csv_without_run_json_is_refused.rs (target/debug/deps/csv_without_run_json_is_refused-546339db363ddd12)

running 4 tests
test the_record_lands_before_any_table ... ok
test a_table_without_its_record_is_refused_and_says_where_the_record_goes ... ok
test four_files_or_none ... ok
test the_table_carries_the_join_back_to_the_record ... ok

test result: ok. 4 passed; 0 failed; 0 ignored; 0 measured; 0 filtered out; finished in 0.88s

     Running tests/fingerprint.rs (target/debug/deps/fingerprint-39b4887ce4ee5b0e)

running 4 tests
test trials_that_produced_the_same_quantities_under_the_same_rules_share_one_chain ... ok
test every_number_reaches_the_rules_that_produced_it ... ok
test the_chain_collapses_rather_than_repeating_itself_per_trial ... ok
test a_trial_that_ran_differently_gets_its_own_chain ... ok

test result: ok. 4 passed; 0 failed; 0 ignored; 0 measured; 0 filtered out; finished in 1.51s

     Running tests/float_fidelity.rs (target/debug/deps/float_fidelity-e0a44bb1085eb554)

running 4 tests
test the_values_known_to_misparse_read_back_as_themselves ... ok
test a_bare_float_and_a_vector_of_them_round_trip_exactly ... ok
test a_typed_struct_round_trips_every_double_exactly ... ok
test the_batch_envelope_survives_the_shapes_its_surfaces_read ... ok

test result: ok. 4 passed; 0 failed; 0 ignored; 0 measured; 0 filtered out; finished in 0.82s

     Running tests/identity.rs (target/debug/deps/identity-b2519a9062e64250)

running 9 tests
test a_run_walked_twice_lists_its_trials_in_the_same_order ... ok
test grouping_by_subject_is_unavailable_when_no_pattern_was_declared ... ok
test a_file_the_pattern_does_not_match_is_refused_by_name_rather_than_skipped ... ok
test a_run_that_declares_no_trial_names_is_refused_rather_than_given_a_default ... ok
test a_declared_pattern_parses_what_the_conformance_crate_parses ... ok
test two_files_resolving_to_one_id_are_both_named_and_neither_is_preferred ... ok
test reads_every_committed_fixture ... ok
test a_declared_pattern_groups_one_subjects_trials_from_one_occasion ... ok
test the_same_folder_read_from_memory_and_from_disk_gives_one_answer ... ok

test result: ok. 9 passed; 0 failed; 0 ignored; 0 measured; 0 filtered out; finished in 1.40s

     Running tests/one_bad_trial.rs (target/debug/deps/one_bad_trial-7cc817ab9afee37e)

running 11 tests
test a_run_with_a_choice_still_open_reads_no_trial_at_all ... ok
test a_trial_that_computed_and_declined_two_landmarks_carries_a_row_for_each ... ok
test a_trial_that_declined_more_than_once_keeps_a_row_for_each_decline ... ok
test every_refusal_carries_a_published_code_that_names_its_fault ... ok
test a_value_the_request_stated_is_not_attributed_to_the_registry ... ok
test one_bad_trial_costs_one_row_and_the_run_continues ... ok
test a_trace_no_rule_can_work_with_also_costs_one_row ... ok
test the_coverage_line_names_every_count_against_one_denominator ... ok
test a_result_rebuilt_from_its_envelope_reports_the_counts_it_arrived_with ... ok
test a_run_reports_the_files_its_declaration_passed_over ... ok
test a_run_that_states_nothing_about_its_capture_claims_no_complete_acquisition ... ok

test result: ok. 11 passed; 0 failed; 0 ignored; 0 measured; 0 filtered out; finished in 2.33s

     Running tests/parquet_metadata.rs (target/debug/deps/parquet_metadata-c6c1179e0e9ff62b)

running 3 tests
test a_file_with_no_record_is_named_rather_than_read_as_if_it_had_one ... ok
test the_key_is_ours_rather_than_a_language_private_block ... ok
test the_run_block_survives_a_parquet_round_trip_under_our_own_key ... ok

test result: ok. 3 passed; 0 failed; 0 ignored; 0 measured; 0 filtered out; finished in 0.74s

     Running tests/population.rs (target/debug/deps/population-4715a6cefe23d7ee)

running 7 tests
test the_registration_surface_is_the_one_the_validity_rules_plug_into ... ok
test an_empty_channel_is_the_correct_state_of_a_run_that_bound_no_gate ... ok
test read_equals_computed_plus_refused ... ok
test excluded_never_exceeds_computed ... ok
test the_baseline_records_what_each_gate_would_remove_and_fails_when_it_moves ... ok
test reporting_gate_names_every_trial_and_removes_none ... ok
test applying_a_gate_is_a_request_field_and_the_count_still_carries_its_denominator ... ok

test result: ok. 7 passed; 0 failed; 0 ignored; 0 measured; 0 filtered out; finished in 1.78s

     Running tests/reliability.rs (target/debug/deps/reliability-8232a4541a8a176e)

running 4 tests
test two_coefficients_under_different_conventions_refuse_to_be_compared ... ok
test cv_is_taken_per_subject_then_averaged_across_subjects ... ok
test an_intraclass_figure_also_carries_its_interval ... ok
test interval_travels_with_every_reliability_figure ... ok

test result: ok. 4 passed; 0 failed; 0 ignored; 0 measured; 0 filtered out; finished in 1.34s

     Running tests/renderings.rs (target/debug/deps/renderings-5b99a7684f960fc4)

running 4 tests
test the_summary_renders_beneath_the_table_with_its_count_beside_it ... ok
test the_shorter_rendering_hides_a_column_and_drops_no_row ... ok
test the_coverage_line_is_the_same_fact_under_both_renderings ... ok
test both_renderings_record_the_same_provenance ... ok

test result: ok. 4 passed; 0 failed; 0 ignored; 0 measured; 0 filtered out; finished in 1.10s

     Running tests/round_trip.rs (target/debug/deps/round_trip-58f130a0c9fd4e17)

running 4 tests
test a_refused_run_carries_the_other_key_and_never_both ... ok
test the_parquet_set_carries_the_run_in_its_own_schema_metadata ... ok
test the_csv_set_rebuilds_the_run_from_the_record_beside_the_table ... ok
test envelope_carries_one_key_and_survives_the_round_trip ... ok

test result: ok. 4 passed; 0 failed; 0 ignored; 0 measured; 0 filtered out; finished in 0.82s

     Running tests/sentinel.rs (target/debug/deps/sentinel-1e2545b7d0292459)

running 4 tests
test declaring_a_convention_leaves_the_time_base_alone ... ok
test declaring_a_missing_value_reports_it_and_moves_no_number ... ok
test the_run_records_which_convention_it_applied_and_what_matched ... ok
test reading_the_same_folder_two_ways_fingerprints_two_ways ... ok

test result: ok. 4 passed; 0 failed; 0 ignored; 0 measured; 0 filtered out; finished in 0.72s

     Running tests/source_path.rs (target/debug/deps/source_path-2e3ef74492b3d17e)

running 3 tests
test a_declared_pattern_carries_the_subject_and_writes_no_path ... ok
test without_a_pattern_the_path_is_the_identity_and_is_written ... ok
test nothing_a_declared_run_writes_to_disk_names_the_directory_it_read ... ok

test result: ok. 3 passed; 0 failed; 0 ignored; 0 measured; 0 filtered out; finished in 0.57s

     Running tests/the_arithmetic_records_what_it_read.rs (target/debug/deps/the_arithmetic_records_what_it_read-73d658240d3478ba)

running 3 tests
test every_value_the_arithmetic_read_reaches_the_relation_a_reader_opens ... ok
test a_derived_column_survives_the_csv_the_envelope_its_read_back_and_the_parquet ... ok
test a_number_that_moves_with_a_stated_value_carries_that_value_in_the_record ... ok

test result: ok. 3 passed; 0 failed; 0 ignored; 0 measured; 0 filtered out; finished in 1.11s

     Running tests/the_folder_run_names_what_it_was_bound_to.rs (target/debug/deps/the_folder_run_names_what_it_was_bound_to-d6060099347e5f86)

running 3 tests
test the_bound_values_survive_the_round_trip_through_the_written_record ... ok
test the_run_record_names_every_value_the_folder_was_bound_to_and_who_chose_it ... ok
test two_folders_bound_to_different_masses_do_not_share_one_request_digest ... ok

test result: ok. 3 passed; 0 failed; 0 ignored; 0 measured; 0 filtered out; finished in 1.57s

     Running tests/the_relation_names_every_step_the_tree_names.rs (target/debug/deps/the_relation_names_every_step_the_tree_names-57bd2f8139508598)

running 1 test
test the_relation_names_what_the_tree_names_and_nothing_else ... ok

test result: ok. 1 passed; 0 failed; 0 ignored; 0 measured; 0 filtered out; finished in 0.62s

     Running unittests src/main.rs (target/debug/deps/plateforce-dba9e9ef12e58e44)

running 45 tests
test acquisition_arg::tests::a_line_carrying_no_equals_is_refused_with_the_grammar ... ok
test acquisition_arg::tests::a_frequency_that_is_not_a_number_is_refused ... ok
test acquisition_arg::tests::a_member_the_block_does_not_hold_is_refused_against_the_whole_list ... ok
test acquisition_arg::tests::every_member_the_block_declares_is_a_member_this_flag_stores ... ok
test acquisition_arg::tests::four_of_five_members_is_incomplete_and_names_the_fifth ... ok
test acquisition_arg::tests::stating_nothing_is_an_incomplete_block_that_names_what_is_missing ... ok
test acquisition_arg::tests::one_member_given_two_values_is_refused ... ok
test acquisition_arg::tests::the_help_names_no_command_to_look_the_members_up_in ... ok
test acquisition_arg::tests::every_member_stated_is_a_complete_block ... ok
test analyse::tests::a_step_whose_name_opens_another_takes_only_the_values_written_for_itself ... ok
test analyse::tests::a_value_reaches_the_step_it_names_however_many_dots_that_name_carries ... ok
test exit::tests::a_complete_result_exits_zero_and_a_partial_one_reports_the_recording ... ok
test exit::tests::a_layout_replaces_the_sentence_on_screen_and_never_on_the_wire ... ok
test exit::tests::a_refusal_with_no_result_beside_it_goes_to_the_other_stream ... ok
test exit::tests::a_recorded_refusal_publishes_its_code_and_a_line_fault_publishes_none ... ok
test exit::tests::every_fault_carries_the_sysexits_code_its_class_names ... ok
test analyse::tests::a_value_naming_a_step_this_run_does_not_have_is_refused ... ok
test exit::tests::every_published_code_reaches_the_status_the_engine_gives_it ... ok
test capability_cmd::tests::every_command_this_binary_offers_says_what_it_can_do ... ok
test reach::tests::every_boundary_the_registry_files_names_a_barrier_a_reader_can_act_on ... ok
test registry_source::tests::a_named_directory_that_is_absent_refuses_rather_than_falling_back ... ok
test render::tests::colour_never_beats_every_other_signal ... ok
test render::tests::a_document_asked_for_by_path_carries_no_escape_byte ... ok
test render::tests::wrapping_never_splits_a_word ... ok
test registry_source::tests::the_origin_is_reported_either_way ... ok
test render::tests::a_plain_renderer_emits_no_escape_byte ... ok
test analyse::tests::a_name_carrying_no_step_is_refused_rather_than_matched_by_its_opening ... ok
test plate_source::tests::a_member_written_beside_a_plate_reaches_the_run_and_the_record ... ok
test plate_source::tests::a_run_that_named_no_plate_has_nothing_to_attribute ... ok
test plate_source::tests::a_plate_nobody_saved_is_refused_by_name_and_points_at_the_list ... ok
test capability_cmd::tests::the_commands_that_take_the_acquisition_block_are_named_rather_than_counted ... ok
test tests::a_flag_with_no_value_is_refused_rather_than_resolved_to_the_default ... ok
test tests::two_registries_on_one_line_are_refused ... ok
test tests::the_declared_command_surface_parses ... ok
test verdict::tests::every_verdict_prints_the_word_the_schema_serialises ... ok
test tests::the_flag_means_the_same_thing_wherever_it_sits ... ok
test tests::two_plate_folders_on_one_line_are_refused ... ok
test tests::the_joined_spelling_names_the_same_directory ... ok
test out::tests::a_written_file_starts_with_its_own_first_character_and_ends_with_one_newline ... ok
test out::tests::writing_twice_leaves_one_document ... ok
test registry_source::tests::the_registry_in_the_binary_is_the_registry_in_the_repository ... ok
test registry_source::tests::the_binary_names_the_revision_the_registry_declares ... ok
test tests::no_flag_names_no_directory_and_reads_what_this_build_carries ... ok
test reach::tests::the_boundary_naming_two_barriers_names_them_for_the_entries_that_carry_it ... ok
test registry_source::tests::naming_nothing_and_naming_the_directory_agree ... ok

test result: ok. 45 passed; 0 failed; 0 ignored; 0 measured; 0 filtered out; finished in 0.27s

     Running tests/a_name_stated_twice_is_refused_never_settled_by_position.rs (target/debug/deps/a_name_stated_twice_is_refused_never_settled_by_position-b494e2588917eec4)

running 3 tests
test a_name_written_twice_is_refused_and_the_refusal_names_both_values ... ok
test two_names_under_one_flag_are_not_a_name_written_twice ... ok
test one_name_under_two_slots_is_two_names ... ok

test result: ok. 3 passed; 0 failed; 0 ignored; 0 measured; 0 filtered out; finished in 37.31s

     Running tests/a_saved_plate_fills_the_block_it_names.rs (target/debug/deps/a_saved_plate_fills_the_block_it_names-adce9fe46d8d3d01)

running 4 tests
test a_plate_nobody_saved_is_refused_by_name ... ok
test a_run_that_names_a_saved_plate_carries_its_members_and_fingerprints_complete ... ok
test a_member_stated_beside_a_plate_wins_and_the_record_says_what_it_replaced ... ok
test two_results_off_one_plate_name_show_that_the_plate_was_edited ... ok

test result: ok. 4 passed; 0 failed; 0 ignored; 0 measured; 0 filtered out; finished in 11.26s

     Running tests/a_signal_holding_no_value_names_its_own_status.rs (target/debug/deps/a_signal_holding_no_value_names_its_own_status-e0de626995add8f0)

running 3 tests
test a_signal_carrying_a_number_still_prints_it_against_its_threshold ... ok
test the_terminal_names_the_status_the_record_carries ... ok
test the_terminal_puts_no_comparison_of_its_own_where_the_number_goes ... ok

test result: ok. 3 passed; 0 failed; 0 ignored; 0 measured; 0 filtered out; finished in 15.33s

     Running tests/batch.rs (target/debug/deps/batch-0598290f8ab911c0)

running 4 tests
test a_folder_run_cannot_proceed_without_saying_how_a_missing_sample_is_written ... ok
test an_assignment_this_command_cannot_read_is_refused_before_a_trial_is ... ok
test the_record_names_the_convention_the_run_applied ... ok
test a_value_stated_for_a_folder_is_recorded_as_stated ... ok

test result: ok. 4 passed; 0 failed; 0 ignored; 0 measured; 0 filtered out; finished in 1.23s

     Running tests/batch_answerability.rs (target/debug/deps/batch_answerability-7ef2bc2533aee069)

running 5 tests
test a_refused_folder_writes_no_table ... ok
test the_refusal_reads_at_eighty_columns_on_both_surfaces ... ok
test the_folder_refuses_the_value_the_single_trial_refuses ... ok
test a_stated_value_is_recorded_as_stated ... ok
test naming_every_value_runs_on_both_surfaces ... ok

test result: ok. 5 passed; 0 failed; 0 ignored; 0 measured; 0 filtered out; finished in 6.24s

     Running tests/batch_compare_identity.rs (target/debug/deps/batch_compare_identity-6ba1ae97b6cc56ec)

running 2 tests
test two_axes_over_one_base_request_share_the_base_digest ... ok
test moving_the_base_request_moves_the_base_digest ... ok

test result: ok. 2 passed; 0 failed; 0 ignored; 0 measured; 0 filtered out; finished in 0.61s

     Running tests/batch_derived.rs (target/debug/deps/batch_derived-384b2f0ec17f32f7)

running 8 tests
test an_assignment_carrying_no_equals_is_refused_as_a_line_rather_than_as_a_rule ... ok
test a_construct_this_build_runs_no_rule_for_is_refused_before_a_trial_is_read ... ok
test an_id_filed_under_another_construct_is_refused_with_the_ones_filed_under_this_one ... ok
test a_construct_written_twice_is_refused_the_way_the_other_repeatable_flags_refuse ... ok
test a_rule_that_declined_on_every_trial_leaves_a_blank_column_and_a_refusal_beside_it ... ok
test the_folder_and_the_single_trial_refuse_a_derived_binding_with_one_sentence ... ok
test a_rule_computed_from_the_landmarks_reaches_the_table_and_the_record ... ok
test a_value_stated_against_a_derived_construct_is_recorded_as_stated ... ok

test result: ok. 8 passed; 0 failed; 0 ignored; 0 measured; 0 filtered out; finished in 0.96s

     Running tests/batch_mass.rs (target/debug/deps/batch_mass-cae9847f85f9684a)

running 6 tests
test a_mass_for_an_athlete_who_is_not_here_is_refused ... ok
test a_mass_for_the_folder_beside_one_by_athlete_is_refused ... ok
test a_mass_keyed_by_athlete_is_recorded_against_that_athlete ... ok
test one_mass_for_the_folder_is_recorded_for_the_folder ... ok
test a_mass_at_or_below_zero_is_refused_in_either_spelling ... ok
test every_mass_refusal_reads_at_eighty_columns ... ok

test result: ok. 6 passed; 0 failed; 0 ignored; 0 measured; 0 filtered out; finished in 1.02s

     Running tests/capability.rs (target/debug/deps/capability-b88a73f2f6d285d8)

running 10 tests
test every_operation_owed_is_one_this_surface_reaches ... ok
test every_refusal_code_carries_an_exit_status_a_shell_reads ... ok
test the_block_this_binary_declares_is_the_block_it_reads ... ok
test the_manifest_names_every_member_of_the_acquisition_block ... ok
test a_surface_answers_for_the_arrays_and_no_others ... ok
test every_container_this_binary_writes_is_one_it_declares ... ok
test the_manifest_names_one_method_per_rule_this_build_runs ... ok
test every_operator_entry_this_build_composes_is_published_with_the_names_that_reach_it ... ok
test this_surface_reports_what_is_committed_for_it ... ok
test a_name_a_rule_declines_without_is_a_name_the_engine_declines_without ... ok

test result: ok. 10 passed; 0 failed; 0 ignored; 0 measured; 0 filtered out; finished in 22.27s

     Running tests/derived_rules.rs (target/debug/deps/derived_rules-849a5c0668eb2a2e)

running 5 tests
test a_construct_this_build_runs_no_rule_for_is_refused_by_name ... ok
test an_id_filed_under_another_construct_is_refused_by_name ... ok
test a_peak_with_no_window_chosen_names_the_open_choice ... ok
test a_rule_named_on_the_command_line_reports_its_number_and_the_rule_behind_it ... ok
test a_value_set_against_a_derived_construct_reaches_its_rule has been running for over 60 seconds
test a_value_set_against_a_derived_construct_reaches_its_rule ... ok

test result: ok. 5 passed; 0 failed; 0 ignored; 0 measured; 0 filtered out; finished in 93.22s

     Running tests/digests_in_prose.rs (target/debug/deps/digests_in_prose-779baa3a5e6fb717)

running 3 tests
test every_digest_in_the_parity_plate_record_is_the_one_its_members_hash_to ... ok
test registry_digest_files_are_exactly_the_files_that_quote_one ... ok
test every_digest_in_prose_is_the_one_the_registry_answers ... ok

test result: ok. 3 passed; 0 failed; 0 ignored; 0 measured; 0 filtered out; finished in 0.15s

     Running tests/forced_decisions.rs (target/debug/deps/forced_decisions-7b84e01cb01c53f8)

running 9 tests
test the_count_is_taken_over_the_constructs_on_the_path ... ok
test no_rule_named_produces_no_number_and_a_missing_argument_code ... ok
test a_published_disagreement_over_a_value_is_a_choice_too ... ok
test a_value_for_a_step_that_is_not_on_the_path_is_refused ... ok
test the_refusal_reads_at_eighty_columns_without_splitting_an_id ... ok
test takeoff_is_not_listed_because_no_takeoff_rule_forces_a_decision ... ok
test a_documented_rule_with_no_code_is_refused_and_never_offered ... ok
test a_value_the_rule_does_not_require_is_not_an_open_choice ... ok
test every_rule_named_produces_every_number_and_exits_zero ... ok

test result: ok. 9 passed; 0 failed; 0 ignored; 0 measured; 0 filtered out; finished in 5.81s

     Running tests/quality.rs (target/debug/deps/quality-e6f4fc68b5dafb00)

running 5 tests
test a_signal_does_not_move_the_exit_code ... ok
test a_signal_over_two_metrics_is_said_once ... ok
test a_pipe_reading_the_result_can_branch_on_what_the_software_doubts ... ok
test the_signal_sits_between_the_value_it_qualifies_and_the_next_one ... ok
test a_trace_whose_routes_agree_says_nothing ... ok

test result: ok. 5 passed; 0 failed; 0 ignored; 0 measured; 0 filtered out; finished in 6.01s

     Running tests/reach.rs (target/debug/deps/reach-fe8bb3032b420771)

running 8 tests
test the_floor_holds_the_number_that_only_rises ... FAILED
test what_a_recording_supports_and_what_this_build_runs_are_counted_apart ... ok
test a_construct_nobody_has_placed_carries_the_query_that_would_settle_it ... ok
test every_construct_out_of_reach_names_what_stands_in_the_way ... ok
test a_construct_walled_by_two_things_names_both ... ok
test more_than_the_fixture_exercises_the_two_part_barrier_rule ... ok
test the_terminal_is_told_how_many_constructs_compute ... ok
test each_barrier_the_registry_files_reaches_a_row ... ok

failures:

---- the_floor_holds_the_number_that_only_rises stdout ----
40 of 65 constructs compute, floor 28 of 63

thread 'the_floor_holds_the_number_that_only_rises' (3454741) panicked at crates/plateforce-cli/tests/reach.rs:292:5:
assertion `left == right` failed: the denominator moved without the floor being restated in the same commit
  left: 65
 right: 63
note: run with `RUST_BACKTRACE=1` environment variable to display a backtrace


failures:
    the_floor_holds_the_number_that_only_rises

test result: FAILED. 7 passed; 1 failed; 0 ignored; 0 measured; 0 filtered out; finished in 0.93s

error: test failed, to rerun pass `-p plateforce-cli --test reach`
     Running tests/refusal_codes.rs (target/debug/deps/refusal_codes-f98cf8836a957901)

running 7 tests
test a_run_that_computed_nothing_hands_a_pipe_the_record_and_not_a_sentence ... ok
test an_id_with_no_rule_behind_it_publishes_the_code_and_what_would_have_run ... ok
test a_fault_in_the_line_publishes_no_code_and_a_refused_rule_publishes_one ... ok
test the_screen_takes_the_candidates_and_the_pipe_takes_the_code ... ok
test a_file_that_cannot_be_read_publishes_its_own_code_and_status ... ok
test a_landmark_that_declined_carries_its_code_beside_the_numbers_that_did_not ... ok
test a_record_names_the_construct_the_registry_declares_and_not_the_flag ... ok

test result: ok. 7 passed; 0 failed; 0 ignored; 0 measured; 0 filtered out; finished in 7.89s

     Running tests/registry_backing.rs (target/debug/deps/registry_backing-0a6a5f1121f6ad2c)

running 1 test
test every_bound_rule_the_registry_carries_says_the_registry_carries_it ... ok

test result: ok. 1 passed; 0 failed; 0 ignored; 0 measured; 0 filtered out; finished in 5.76s

     Running tests/registry_show.rs (target/debug/deps/registry_show-9a3d2cb41a92af0b)

running 6 tests
test a_required_parameter_with_a_default_shows_both ... ok
test a_default_chosen_by_name_is_shown_by_name ... ok
test an_optional_parameter_carries_no_statement_about_its_absence ... ok
test a_required_parameter_with_no_default_shows_neither_a_value_nor_silence ... ok
test a_parameter_the_reader_must_answer_says_so ... ok
test what_the_registry_says_about_a_parameter_reaches_the_terminal ... ok

test result: ok. 6 passed; 0 failed; 0 ignored; 0 measured; 0 filtered out; finished in 0.67s

     Running tests/result_parity.rs (target/debug/deps/result_parity-5a1ea54a12902f2f)

running 5 tests
test the_document_is_the_same_characters_after_a_round_trip ... ok
test the_terminal_document_names_the_build_and_the_registry_that_produced_it ... ok
test a_reader_of_this_result_holds_the_number_that_was_written ... ok
test the_same_request_twice_produces_the_same_document ... ok
test the_pinned_revision_and_the_registry_s_own_claim_are_two_fields ... ok

test result: ok. 5 passed; 0 failed; 0 ignored; 0 measured; 0 filtered out; finished in 12.25s

     Running tests/set_assignment_spelling.rs (target/debug/deps/set_assignment_spelling-789e5f492b8be536)

running 3 tests
test both_commands_show_the_grammar_their_parser_accepts ... ok
test a_refused_assignment_names_the_same_grammar_the_help_shows ... ok
test the_word_the_method_flag_carries_is_the_word_the_assignment_takes ... ok

test result: ok. 3 passed; 0 failed; 0 ignored; 0 measured; 0 filtered out; finished in 5.68s

     Running tests/spread.rs (target/debug/deps/spread-f8e24e6e892321a6)

running 12 tests
test a_quantity_this_build_does_not_compute_is_refused ... ok
test a_step_named_twice_is_refused ... ok
test a_step_with_one_rule_is_refused_rather_than_dropped_from_a_sweep_that_still_reports ... ok
test an_unanswered_choice_refuses_here_exactly_as_it_does_in_the_analysis ... ok
test a_step_this_run_did_not_bind_is_refused_rather_than_swept_over_a_rule_nobody_chose ... ok
test the_construct_the_record_names_is_a_word_this_flag_takes ... ok
test several_steps_can_be_named_and_the_order_they_were_named_in_does_not_reach_the_document ... ok
test a_named_step_is_the_only_one_the_sweep_varies ... ok
test the_sweep_reports_what_ran_and_what_did_not ... ok
test the_sweep_names_what_the_registry_declares_without_laundering_it_into_the_pin ... ok
test a_quantity_the_analysis_does_not_headline_can_be_swept ... ok
test a_pinned_sweep_names_the_revision_and_an_unpinned_one_names_none ... ok

test result: ok. 12 passed; 0 failed; 0 ignored; 0 measured; 0 filtered out; finished in 12.78s

     Running tests/terminal_survival.rs (target/debug/deps/terminal_survival-be1ff31662feb335)

running 10 tests
test the_help_a_reader_meets_first_is_the_committed_one ... ok
test a_shell_that_forces_colour_gets_it ... ok
test never_beats_the_environment ... ok
test no_color_is_honoured ... ok
test the_answer_the_operator_gave_reaches_the_stream ... ok
test a_redirected_document_carries_no_escape_byte ... ok
test a_terminal_that_reports_no_capability_gets_none ... ok
test the_refusal_for_an_id_that_resolves_nowhere_is_the_committed_one ... ok
test a_document_asked_for_by_path_carries_none_whatever_the_operator_answered ... ok
test no_environment_produces_a_twenty_four_bit_sequence ... ok

test result: ok. 10 passed; 0 failed; 0 ignored; 0 measured; 0 filtered out; finished in 0.60s

     Running tests/the_folder_comparison_sweeps_the_step_it_was_named.rs (target/debug/deps/the_folder_comparison_sweeps_the_step_it_was_named-cb2654365ce6ecbd)

running 5 tests
test every_remedy_a_comparison_offers_is_a_line_this_terminal_takes ... ok
test the_record_names_what_the_comparison_held_as_well_as_what_it_varied ... ok
test a_comparison_records_the_plate_and_the_revision_its_caller_stated ... ok
test a_comparison_refuses_a_name_it_cannot_run_by_naming_what_it_takes ... ok
test naming_a_takeoff_or_a_weighing_rule_sweeps_that_step_and_not_onset ... ok

test result: ok. 5 passed; 0 failed; 0 ignored; 0 measured; 0 filtered out; finished in 1.57s

     Running tests/the_folder_run_records_the_registry_and_the_plate.rs (target/debug/deps/the_folder_run_records_the_registry_and_the_plate-4e62c8794f08c559)

running 7 tests
test a_member_the_block_does_not_hold_is_refused ... ok
test a_pinned_folder_run_records_the_pin_and_an_unpinned_one_records_null ... ok
test two_runs_differing_only_in_the_pin_carry_different_request_digests ... ok
test the_record_carries_what_the_registry_declares_beside_what_the_caller_pinned ... ok
test only_a_run_that_recorded_its_plate_publishes_a_fingerprint ... ok
test two_runs_off_different_plates_fingerprint_differently ... ok
test a_run_that_states_its_capture_records_it_and_one_that_does_not_says_so ... ok

test result: ok. 7 passed; 0 failed; 0 ignored; 0 measured; 0 filtered out; finished in 1.52s

     Running tests/the_single_trial_run_records_the_plate.rs (target/debug/deps/the_single_trial_run_records_the_plate-5686bc34f39deec6)

running 4 tests
test an_unknown_member_is_refused_by_name_and_the_refusal_names_them_all ... ok
test a_run_told_every_member_fingerprints_as_complete ... ok
test a_run_told_nothing_about_the_plate_fingerprints_as_incomplete ... ok
test a_block_short_of_one_member_is_still_incomplete ... ok

test result: ok. 4 passed; 0 failed; 0 ignored; 0 measured; 0 filtered out; finished in 6.20s

     Running tests/the_spread_panel_says_what_it_varied.rs (target/debug/deps/the_spread_panel_says_what_it_varied-e4e97bf22289d2ca)

running 4 tests
test the_held_line_reads_at_eighty_columns ... ok
test the_record_names_what_varied_and_what_stood_still ... ok
test sweeping_the_computing_construct_moves_the_reported_spread ... ok
test the_reported_range_contains_every_value_a_rule_for_this_quantity_produces has been running for over 60 seconds
test the_reported_range_contains_every_value_a_rule_for_this_quantity_produces ... ok

test result: ok. 4 passed; 0 failed; 0 ignored; 0 measured; 0 filtered out; finished in 158.12s

     Running tests/the_terminal_can_state_a_body_mass_and_says_it_was_stated.rs (target/debug/deps/the_terminal_can_state_a_body_mass_and_says_it_was_stated-9b4e13bca73fc5bd)

running 4 tests
test the_mass_flag_does_not_read_the_next_flag_as_its_value ... ok
test a_mass_that_is_not_a_positive_finite_number_is_refused_by_name ... ok
test the_recorded_mass_carries_its_unit ... ok
test a_body_mass_the_reader_states_is_recorded_as_theirs_and_silence_is_recorded_as_nothing ... ok

test result: ok. 4 passed; 0 failed; 0 ignored; 0 measured; 0 filtered out; finished in 11.65s

     Running tests/the_terminal_can_state_a_gravity_and_says_it_was_stated.rs (target/debug/deps/the_terminal_can_state_a_gravity_and_says_it_was_stated-5e29ad36c77858b9)

running 4 tests
test a_line_that_places_a_landmark_twice_or_places_nothing_is_refused_by_name ... ok
test the_terminal_names_the_gravity_without_being_asked_for_provenance ... ok
test a_landmark_placed_by_hand_moves_the_analysis_and_leaves_a_record ... ok
test a_gravity_the_reader_states_moves_the_numbers_and_is_recorded_as_theirs ... ok

test result: ok. 4 passed; 0 failed; 0 ignored; 0 measured; 0 filtered out; finished in 12.60s

     Running tests/the_terminal_names_the_rule_behind_each_number.rs (target/debug/deps/the_terminal_names_the_rule_behind_each_number-f518d0d9dbc123dc)

running 2 tests
test every_number_names_the_rule_the_record_roots_it_at ... ok
test the_name_under_a_number_moves_when_the_run_changes_the_rule ... ok

test result: ok. 2 passed; 0 failed; 0 ignored; 0 measured; 0 filtered out; finished in 24.20s

     Running tests/the_terminal_says_how_each_number_was_produced.rs (target/debug/deps/the_terminal_says_how_each_number_was_produced-c9802381b3c5520d)

running 3 tests
test the_document_carries_an_account_of_every_number_it_reports ... ok
test the_page_shows_the_accounts_the_record_holds ... ok
test the_page_without_the_flag_carries_no_section_of_accounts ... ok

test result: ok. 3 passed; 0 failed; 0 ignored; 0 measured; 0 filtered out; finished in 17.73s

     Running tests/the_terminal_states_what_conditioned_the_signal.rs (target/debug/deps/the_terminal_states_what_conditioned_the_signal-0eabc07fdd73750b)

running 7 tests
test a_conditioning_construct_given_no_rule_is_refused_rather_than_filled_in ... ok
test a_conditioning_construct_written_twice_is_refused_never_settled_by_position ... ok
test an_edge_this_rule_does_not_take_is_refused_with_the_one_it_does ... ok
test a_conditioning_rule_this_build_does_not_run_is_refused_with_the_ones_it_does ... ok
test a_folder_run_states_the_conditioning_choice_on_every_trial ... ok
test naming_the_conditioning_rule_is_recorded_as_the_readers_own_choice ... ok
test a_stated_conditioning_choice_reaches_the_record_as_the_readers ... ok

test result: ok. 7 passed; 0 failed; 0 ignored; 0 measured; 0 filtered out; finished in 12.11s

     Running tests/the_terminal_sweeps_a_value_inside_a_rule.rs (target/debug/deps/the_terminal_sweeps_a_value_inside_a_rule-2c609387e16e0ae5)

running 7 tests
test the_record_names_the_value_it_varied_and_the_rule_it_held ... ok
test gravity_is_a_value_this_surface_can_sweep ... ok
test the_panel_names_the_value_that_moved_rather_than_the_rules_that_did_not ... ok
test a_value_the_registry_publishes_several_ways_can_be_swept_from_the_terminal ... ok
test a_name_a_rule_takes_is_swept_the_way_its_numbers_are ... ok
test a_line_this_flag_cannot_act_on_is_refused_by_name ... ok
test the_rules_and_a_value_inside_them_vary_on_one_line ... ok

test result: ok. 7 passed; 0 failed; 0 ignored; 0 measured; 0 filtered out; finished in 0.99s

     Running tests/the_terminal_tells_no_number_from_no_value.rs (target/debug/deps/the_terminal_tells_no_number_from_no_value-16036eb22f7a7999)

running 3 tests
test an_intact_recording_marks_no_row_either_way ... ok
test the_page_and_the_record_agree_about_which_rows_carried_no_number ... ok
test the_terminal_says_what_the_recording_lost_and_over_how_many_samples ... ok

test result: ok. 3 passed; 0 failed; 0 ignored; 0 measured; 0 filtered out; finished in 11.92s

     Running unittests src/lib.rs (target/debug/deps/plateforce_conformance-15b25dd26c587fb6)

running 3 tests
test corpus::tests::a_trial_is_identified_by_number_and_never_by_the_directory_it_sat_in ... ok
test bindings::tests::the_integration_start_moves_the_velocity_zero_it_is_read_from ... ok
test bindings::tests::the_braking_start_reference_moves_the_boundary_on_every_committed_trial ... ok

test result: ok. 3 passed; 0 failed; 0 ignored; 0 measured; 0 filtered out; finished in 1.20s

     Running unittests src/main.rs (target/debug/deps/plateforce_conformance-5d9a07111a996cb7)

running 0 tests

test result: ok. 0 passed; 0 failed; 0 ignored; 0 measured; 0 filtered out; finished in 0.00s

     Running tests/conformance.rs (target/debug/deps/conformance-77f1de703ecee18b)

running 7 tests
test a_vendor_sentinel_row_is_excluded_and_named ... ok
test the_coverage_of_this_run_is_stated ... ok
test the_two_readings_of_the_onset_rule_are_measured_against_each_other ... ok
test a_reference_row_with_no_trace_is_reported_rather_than_skipped ... ok
test the_full_corpus_reproduces_the_reference_where_the_corpus_is_present ... ok
test index_columns_are_compared_exactly_and_measurements_are_not ... ok
test the_committed_fixture_reproduces_the_reference ... ok

test result: ok. 7 passed; 0 failed; 0 ignored; 0 measured; 0 filtered out; finished in 0.63s

     Running tests/landing_shape_agreement.rs (target/debug/deps/landing_shape_agreement-a0a108a049521795)

running 2 tests
test the_two_rules_agree_across_the_whole_corpus_when_it_is_on_disk ... ok
test the_rust_landing_shape_rule_places_takeoff_where_the_reference_did_on_subject_01 ... ok

test result: ok. 2 passed; 0 failed; 0 ignored; 0 measured; 0 filtered out; finished in 0.06s

     Running tests/untrimmed_recording_time_to_takeoff.rs (target/debug/deps/untrimmed_recording_time_to_takeoff-35cc3e42b4a386bb)

running 1 test
test the_untrimmed_recording_stops_returning_a_step_off_time_to_takeoff ... ok

test result: ok. 1 passed; 0 failed; 0 ignored; 0 measured; 0 filtered out; finished in 0.01s

     Running unittests src/lib.rs (target/debug/deps/plateforce_core-9b97cdf621275f8c)

running 348 tests
test acquisition::tests::a_member_the_saved_plate_is_silent_about_is_filled_rather_than_displaced ... ok
test acquisition::tests::an_unfilled_block_names_every_member_it_declares ... ok
test acquisition::tests::a_revision_follows_the_members_and_a_changed_member_is_a_different_one ... ok
test acquisition::tests::restating_the_saved_answer_displaces_nothing ... ok
test acquisition::tests::every_member_the_block_declares_can_be_set_from_text ... ok
test acquisition::tests::a_block_missing_one_member_names_that_member ... ok
test acquisition::tests::the_stated_members_are_the_ones_somebody_answered ... ok
test acquisition::tests::a_block_with_every_member_is_complete ... ok
test acquisition::tests::a_name_the_block_does_not_hold_and_a_value_of_the_wrong_kind_are_told_apart ... ok
test agreement::tests::a_coefficient_of_variation_is_the_spread_over_the_centre ... ok
test agreement::tests::a_constant_offset_is_all_bias_and_no_width ... ok
test acquisition::tests::a_stated_member_displaces_the_saved_one_and_says_what_it_displaced ... ok
test agreement::tests::identical_repeats_correlate_perfectly_and_a_ragged_set_does_not_correlate_at_all ... ok
test agreement::tests::one_pair_gives_no_interval_rather_than_an_interval_of_zero ... ok
test agreement::tests::the_limits_sit_at_the_published_multiple_of_the_spread ... ok
test agreement::tests::the_two_conventions_are_two_numbers ... ok
test agreement::tests::the_two_intraclass_forms_are_two_numbers_when_one_measurement_runs_high ... ok
test agreement::tests::two_methods_that_never_disagree_have_no_bias_and_no_width ... ok
test baseline_offset::tests::a_window_with_no_samples_in_it_reports_nothing ... ok
test baseline_offset::tests::an_interval_or_a_mass_no_ramp_can_be_built_on_reports_nothing ... ok
test bspline::tests::a_basis_smaller_than_the_degree_allows_names_both_numbers ... ok
test baseline_offset::tests::the_ramp_starts_at_nothing_and_reaches_the_whole_residual_at_takeoff ... ok
test agreement::tests::a_falling_relation_keeps_its_sign ... ok
test bspline::tests::the_basis_functions_sum_to_one_across_the_span ... ok
test agreement::tests::a_perfect_straight_line_regresses_onto_itself ... ok
test baseline_offset::tests::the_velocity_ramp_adds_nothing_it_did_not_already_have ... ok
test agreement::tests::the_mean_coefficient_is_taken_over_subjects_and_says_so ... ok
test baseline_offset::tests::the_unloaded_window_reports_what_the_plate_read_with_nothing_on_it ... ok
test bspline::tests::fewer_observations_than_functions_names_both_counts ... ok
test butterworth::tests::the_correction_is_winters_quarter_power_form_at_second_order ... ok
test butterworth::tests::the_second_order_correction_applied_to_a_fourth_order_filter_misses_the_cutoff ... ok
test butterworth::tests::a_constant_returns_unchanged_from_a_settled_state_and_climbs_from_zeros ... ok
test butterworth::tests::a_cutoff_at_or_above_nyquist_names_the_cutoff_and_the_nyquist_frequency ... ok
test butterworth::tests::a_trace_shorter_than_the_padding_names_both_lengths ... ok
test butterworth::tests::two_passes_leave_a_step_where_it_was_and_one_pass_moves_it_later ... ok
test calibration::tests::a_mass_nobody_could_have_meant_reconstructs_nothing ... ok
test cutoff::tests::a_straight_line_fits_itself_and_reports_its_own_intercept ... ok
test calibration::tests::reconstruction_puts_the_athletes_weight_back_under_them ... ok
test butterworth::tests::one_pass_puts_the_half_power_point_at_the_nominal_cutoff ... ok
test butterworth::tests::two_passes_put_the_half_power_point_at_the_nominal_cutoff ... ok
test calibration::tests::a_window_reading_nothing_was_zeroed_under_the_athlete_and_one_reading_a_weight_was_not ... ok
test cutoff::tests::a_perfectly_reproduced_signal_leaves_no_residual ... ok
test cutoff::tests::an_abscissa_that_does_not_vary_has_no_line_rather_than_an_infinite_slope ... ok
test cutoff::tests::winters_rule_returns_a_cutoff_and_the_intercept_that_chose_it ... ok
test cutoff::tests::the_durbin_watson_statistic_spans_its_stated_range ... ok
test bspline::tests::a_cubic_is_returned_unchanged_by_a_cubic_basis ... ok
test bspline::tests::a_zero_penalty_spends_the_whole_basis ... ok
test cutoff::tests::an_interval_containing_a_step_is_declined_and_the_same_trace_away_from_it_is_not ... ok
test cutoff::tests::challiss_rule_carries_the_statistic_that_chose_the_cutoff ... ok
test exponential_rise::tests::the_maximum_modelled_rate_is_the_amplitude_over_the_time_constant ... ok
test exponential_rise::tests::a_stretch_too_short_or_flat_to_carry_a_rise_is_refused ... ok
test gravity::tests::a_hundredth_of_a_percent_is_crossed_by_ordinary_places ... ok
test gravity::tests::elevation_alone_crosses_the_threshold_at_about_three_hundred_metres ... ok
test gravity::tests::gravity_falls_with_elevation_and_rises_with_latitude ... ok
test gravity::tests::the_formula_reproduces_its_published_anchors ... ok
test landing::tests::a_brief_return_across_the_threshold_is_skipped_once_a_span_is_required ... ok
test landing::tests::a_recording_that_opens_at_standing_weight_is_not_landed_on_at_its_first_sample ... ok
test landing::tests::a_search_that_never_leaves_the_plate_refuses_rather_than_answering_its_first_sample ... ok
test landing::tests::a_recording_that_opens_with_an_empty_plate_is_landed_on_at_the_arrival ... ok
test calibration::tests::the_margin_says_how_clear_the_call_was ... ok
test landing::tests::the_arrival_velocity_does_not_depend_on_the_seed_the_integration_carried ... ok
test landing::tests::the_arrival_velocity_reverses_the_sign_of_what_the_final_period_reads ... ok
test method_ids::tests::the_rule_no_surface_can_select_is_not_counted_as_selectable ... ok
test method_ids::tests::no_id_is_listed_twice ... ok
test normalisation::tests::an_exponent_of_zero_leaves_the_quantity_where_it_was ... ok
test normalisation::tests::the_divisor_is_what_the_scaling_divided_by ... ok
test onset::tests::a_backtrack_that_runs_off_the_front_reports_that_it_clamped ... ok
test normalisation::tests::a_mass_or_an_exponent_no_scaling_can_be_built_on_reports_nothing ... ok
test onset::tests::a_rule_declines_under_the_same_id_it_succeeds_under ... ok
test onset::tests::persistence_rejects_a_single_sample_spike ... ok
test onset::tests::onset_reports_which_method_and_parameter_failed ... ok
test peak::tests::a_span_selecting_nothing_refuses_rather_than_returning_a_sentinel ... ok
test method_ids::tests::every_id_is_dotted_and_lowercase ... ok
test normalisation::tests::hofs_divisor_carries_gravity_and_leg_length_at_their_own_powers ... ok
test onset::tests::a_search_floor_can_place_onset_later_than_the_athlete_moved ... ok
test peak::tests::the_maximum_is_taken_over_the_half_open_span ... ok
test onset::tests::a_two_sided_band_catches_a_preload_that_a_one_sided_band_misses ... ok
test phases::tests::a_placed_landmark_carries_the_rule_that_placed_it ... ok
test onset::tests::persistence_brings_the_forward_reading_back_to_the_backward_one ... ok
test onset::tests::the_two_readings_of_one_rule_split_on_a_noise_excursion ... ok
test phases::tests::a_rising_crossing_is_fixed_across_the_band_the_propulsive_peak_sits_in ... ok
test phases::tests::a_fallback_velocity_zero_is_flagged_as_not_a_crossing ... ok
test normalisation::tests::an_exponent_of_one_is_the_quantity_per_kilogram ... ok
test peak::tests::a_span_shorter_than_the_window_still_has_a_smoothed_peak_from_the_whole_series ... ok
test peak::tests::a_window_of_one_sample_or_none_is_the_raw_series ... ok
test normalisation::tests::the_two_published_exponents_do_not_agree ... ok
test onset::tests::a_quiet_window_with_no_noise_collapses_the_band_and_is_named_as_such ... ok
test peak::tests::a_span_running_past_the_recording_reads_what_is_there ... ok
test peak::tests::the_index_and_the_value_of_a_peak_name_the_same_sample ... ok
test phases::tests::a_force_minimum_bounded_at_takeoff_returns_the_sample_before_takeoff ... ok
test phases::tests::a_velocity_minimum_search_that_runs_past_takeoff_finds_the_landing ... ok
test phases::tests::landing::a_recording_that_ends_mid_descent_is_named_rather_than_left_empty ... ok
test phases::tests::the_braking_start_wrapper_is_the_rising_crossing ... ok
test phases::tests::landing::a_harder_landing_stops_the_descent_sooner ... ok
test phases::tests::the_positive_impulse_window_ends_on_the_two_crossings ... ok
test phases::tests::landing::a_series_pinned_somewhere_else_is_refused_rather_than_read ... ok
test phases::tests::landing::the_landing_ends_where_the_descent_stops ... ok
test phases::tests::the_velocity_extrema_are_the_two_boundaries_of_one_interval ... ok
test phases::tests::the_split_models_unloading_start_does_not_follow_the_bound_onset_rule ... ok
test phases::tests::one_crossing_search_returns_braking_start_rising_and_propulsion_end_falling ... ok
test phases::tests::the_single_unweighting_model_does_not_declare_the_force_minimum ... ok
test plate_store::tests::a_member_stated_beside_a_plate_wins_and_the_record_says_what_it_replaced ... ok
test peak::tests::a_centred_average_never_peaks_above_the_raw_maximum ... ok
test plate_store::tests::a_name_that_would_reach_another_folder_is_refused ... ok
test plate_store::tests::a_saved_plate_fills_a_complete_block_on_a_later_run ... ok
test plate_store::tests::the_default_folder_is_the_one_this_system_keeps_settings_in ... ok
test power::tests::a_phase_comes_from_a_model_that_placed_it ... ok
test power::tests::a_phase_the_trace_does_not_contain_is_refused ... ok
test power::tests::a_phase_whose_peak_is_its_own_first_sample_is_refused_rather_than_reported_as_zero ... ok
test plate_store::tests::a_saved_file_naming_a_member_the_block_does_not_hold_is_refused_by_name ... ok
test plate_store::tests::a_stated_plate_and_a_saved_one_hash_to_one_revision ... ok
test plate_store::tests::a_number_written_without_quotes_is_the_same_saved_plate ... ok
test plate_store::tests::a_saved_number_reads_back_as_the_number_it_was ... ok
test plate_store::tests::a_plate_nobody_saved_is_refused_by_name ... ok
test plate_store::tests::saving_over_a_name_changes_the_revision_and_hands_back_what_was_replaced ... ok
test power::tests::a_power_series_carries_the_two_choices_that_produced_it ... ok
test power::tests::a_ramp_integrates_to_the_area_under_it ... ok
test power::tests::a_regression_set_is_read_under_the_height_unit_it_states ... ok
test power::tests::a_series_whose_trough_is_its_last_sample_is_refused ... ok
test power::tests::peak_power_is_the_peak_inside_its_phase_and_not_the_peak_of_the_trace ... ok
test power::tests::the_interval_bounds_the_peak_to_peak_search ... ok
test phases::tests::integrating_a_constant_acceleration_gives_a_linear_velocity ... ok
test power::tests::the_lewis_estimate_scales_as_the_root_of_height ... ok
test phases::tests::the_threshold_form_of_the_velocity_crossing_is_the_zero_form_at_zero ... ok
test power::tests::the_mean_matches_the_sample_average_to_quadrature_error ... ok
test phases::tests::a_single_high_sample_after_the_peak_closes_the_window_earlier ... ok
test power::tests::the_phase_anchored_rate_runs_from_the_phase_start_to_the_peak_inside_it ... ok
test power::tests::the_peak_to_peak_rate_reads_every_sample_of_the_interval_it_is_handed ... ok
test provenance::tests::a_choice_the_reader_made_does_not_hold_the_result_back ... ok
test power::tests::the_sign_convention_reverses_the_series ... ok
test power::tests::the_single_product_equals_the_integral_only_where_force_is_constant ... ok
test power::tests::the_two_force_terms_give_different_power_by_one_system_weight_times_velocity ... ok
test power::tests::a_mismatched_velocity_series_is_named_rather_than_truncated ... ok
test phases::tests::the_two_propulsion_subdivisions_split_the_same_phase_at_two_instants ... ok
test provenance::tests::a_decision_three_deep_still_holds_the_result_back ... ok
test provenance::tests::a_slot_running_under_no_chosen_rule_is_named_by_its_method ... ok
test provenance::tests::a_record_silent_about_who_chose_the_rule_does_not_credit_the_reader ... ok
test provenance::tests::flattened_reaches_every_depth ... ok
test provenance::tests::a_method_three_deep_is_still_found ... ok
test provenance::tests::one_open_decision_reached_twice_is_reported_once ... ok
test provenance::tests::a_record_written_to_the_shared_schema_reads_back_unchanged ... ok
test rate::tests::a_crossing_lands_between_the_samples_that_straddle_the_level ... ok
test provenance::tests::the_shared_schema_keys_are_written_in_the_order_every_surface_compares ... ok
test power::tests::work_over_a_constant_power_interval_is_the_closed_form_answer ... ok
test rate::tests::a_width_of_zero_returns_nothing_rather_than_dividing_by_zero ... ok
test rate::tests::a_position_at_the_edge_of_the_trace_has_no_centred_derivative ... ok
test rate::tests::sequential_chords_do_not_overlap_and_drop_the_partial_window ... ok
test rate::tests::the_centred_derivative_between_samples_is_the_slope_on_a_ramp ... ok
test rate::tests::a_chord_across_a_ramp_returns_the_ramps_slope ... ok
test rate::tests::a_width_of_two_samples_is_the_centred_difference ... ok
test rate::tests::the_centred_derivative_interpolates_between_its_two_neighbours ... ok
test read::reading_an_undeclared_export::a_file_with_no_numbers_says_so_rather_than_returning_an_empty_trace ... ok
test rate::tests::the_search_interval_bounds_the_steepest_chord ... ok
test read::reading_an_undeclared_export::reads_a_headerless_tab_separated_matrix_with_carriage_returns ... ok
test read::reading_an_undeclared_export::an_unreadable_field_is_counted_rather_than_dropping_the_row ... ok
test read::tests::a_carriage_return_at_the_end_of_a_row_does_not_break_the_last_column ... ok
test read::reading_an_undeclared_export::skips_a_vendor_preamble_and_keeps_the_header_line ... ok
test read::tests::a_line_of_whitespace_is_blank_rather_than_a_row_with_one_column ... ok
test peak::tests::smoothing_the_whole_series_and_smoothing_the_span_alone_are_different_numbers ... ok
test read::tests::a_missing_column_names_the_line_and_the_index_it_wanted ... ok
test read::tests::a_column_padded_to_a_fixed_width_reads_as_a_number ... ok
test read::tests::a_non_numeric_field_names_the_text_it_could_not_parse ... ok
test refusal::tests::a_construct_off_the_path_names_the_steps_the_build_does_run ... ok
test refusal::tests::a_decision_left_open_names_what_is_outstanding ... ok
test refusal::tests::a_document_from_a_later_version_says_which_version_it_wants ... ok
test refusal::tests::a_failed_read_answers_with_one_code ... ok
test refusal::tests::a_name_a_parameter_will_not_take_arrives_as_a_field ... ok
test refusal::tests::a_refusal_reports_what_it_costs_to_carry ... ok
test refusal::tests::a_declined_value_survives_the_wire_bit_for_bit ... ok
test refusal::tests::a_refusal_round_trips_through_its_wire_form ... ok
test refusal::tests::a_refusal_written_without_a_named_value_still_reads ... ok
test refusal::tests::a_rule_that_rejected_every_candidate_reports_the_count_and_what_it_compared ... ok
test refusal::tests::a_rule_whose_earlier_step_placed_nothing_names_that_step ... ok
test refusal::tests::an_agreement_that_cannot_be_reported_says_what_it_needed ... ok
test refusal::tests::every_code_carries_an_exit_status ... ok
test refusal::tests::restamping_the_id_rewrites_the_sentence_rather_than_leaving_the_old_one ... ok
test refusal::tests::every_code_is_listed_once_in_all_and_carries_a_known_exit_status ... ok
test refusal::tests::the_shipped_sentences_are_reproduced_unchanged ... ok
test refusal::tests::the_name_a_caller_reads_is_the_name_on_the_wire ... ok
test refusal::tests::the_slot_names_a_construct_rather_than_a_binding_table_word ... ok
test refusal::tests::the_wire_spelling_of_every_code_is_snake_case ... ok
test read::reading_an_undeclared_export::a_time_column_gives_up_the_sample_rate_and_is_not_offered_as_force ... ok
test power::tests::the_peak_to_peak_rate_takes_the_peak_that_follows_the_trough ... ok
test provenance::tests::every_source_prints_the_word_the_wire_carries ... ok
test reporting::fingerprint_tests::a_different_plate_or_rate_is_a_different_result ... ok
test read::two_plates_where_the_software_expects_one::one_force_column_needs_no_declaration ... ok
test reporting::fingerprint_tests::a_block_that_could_not_be_filled_matches_nothing_including_itself ... ok
test rate::tests::a_chord_that_runs_off_the_end_returns_nothing_rather_than_a_shorter_one ... ok
test provenance::tests::only_an_unmade_decision_taints_the_record ... ok
test reporting::fingerprint_tests::a_partly_filled_block_is_still_incomplete ... ok
test reporting::fingerprint_tests::a_landmark_placed_at_sample_zero_is_still_placed_by_a_hand ... ok
test rate::tests::the_steepest_chord_finds_the_steep_stretch_and_reports_where_it_was ... ok
test reporting::fingerprint_tests::a_filled_block_publishes_the_digest_it_measured ... ok
test rate::tests::a_level_never_reached_returns_nothing_and_one_already_held_returns_the_first_sample ... ok
test provenance::tests::every_source_value_carries_its_declared_wire_spelling ... ok
test reporting::tests::a_result_computed_without_a_registry_names_none ... ok
test reporting::fingerprint_tests::the_material_spells_sources_by_wire_name_not_by_variant ... ok
test reporting::fingerprint_tests::two_hands_placing_two_samples_are_two_results ... ok
test reporting::fingerprint_tests::one_hand_placing_one_sample_twice_is_one_result ... ok
test reporting::fingerprint_tests::two_incomplete_fingerprints_publish_nothing_to_compare ... ok
test reporting::fingerprint_tests::a_landmark_a_hand_placed_is_not_the_detection_that_found_the_same_sample ... ok
test reporting::fingerprint_tests::a_hand_placement_adds_one_key_to_the_material_and_moves_nothing_else ... ok
test read::two_plates_where_the_software_expects_one::a_file_with_two_force_columns_refuses_a_system_quantity_by_name ... ok
test read::two_plates_where_the_software_expects_one::declaring_the_file_single_plate_computes_and_the_declaration_is_a_value ... ok
test resample::tests::an_interval_running_off_the_trace_names_both_bounds ... ok
test reporting::fingerprint_tests::two_runs_that_computed_the_same_way_match ... ok
test reporting::tests::the_registry_line_says_whose_each_revision_is ... ok
test resample::tests::a_cubic_comes_back_unchanged_at_every_resampled_point ... ok
test resample::tests::a_peak_between_samples_survives_the_spline_and_not_the_straight_line ... ok
test reporting::tests::an_incomplete_acquisition_block_says_so ... ok
test series::tests::a_series_built_from_samples_still_states_its_choices ... ok
test reporting::fingerprint_tests::a_parameter_moved_upstream_is_a_different_result ... ok
test reporting::tests::describe_names_the_value_and_every_step ... ok
test resample::tests::the_endpoints_are_the_samples_at_the_interval_bounds ... ok
test series::tests::displacement_returns_to_the_standing_frame_it_was_anchored_in ... ok
test resample::tests::the_two_end_segments_reproduce_the_cubic_between_their_knots ... ok
test reporting::fingerprint_tests::one_number_reached_two_ways_is_two_results ... ok
test series::tests::the_trial_start_trapezoid_reproduces_the_running_integral_it_replaces ... ok
test signal::tests::a_non_finite_value_is_never_read_as_a_measurement ... ok
test series::tests::an_anchor_at_a_stated_value_holds_that_value_rather_than_zero ... ok
test series::tests::a_series_carries_the_four_ids_that_produced_it ... ok
test series::tests::the_two_starts_give_different_velocities_on_the_same_trial ... ok
test series::tests::displacement_carries_the_velocity_choices_it_rests_on ... ok
test signal::tests::a_clean_trace_reports_neither_reason ... ok
test resample::tests::an_interval_shorter_than_the_spline_needs_names_its_length ... ok
test series::tests::integrating_a_constant_acceleration_matches_the_closed_form_under_every_quadrature ... ok
test signal::tests::a_small_real_measurement_is_not_mistaken_for_the_sentinel ... ok
test series::tests::an_anchor_at_a_stated_value_names_the_rule_that_stated_it ... ok
test signal::tests::a_zero_length_range_integrates_to_zero ... ok
test signal::tests::every_trial_error_becomes_a_refusal_that_says_the_same_thing ... ok
test signal::tests::an_empty_trace_is_rejected_rather_than_returning_a_number ... ok
test signal::tests::integrating_a_constant_force_gives_force_times_duration ... ok
test series::tests::a_two_point_anchor_holds_both_ends_at_zero ... ok
test signal::tests::sentinels_are_separated_from_measurements_and_counted ... ok
test signal::tests::the_two_counts_add_up_to_what_the_partition_drops ... ok
test spectrum::tests::a_fraction_outside_the_unit_interval_names_the_fraction ... ok
test smoothing::tests::a_window_longer_than_the_trace_names_the_window_and_the_trace ... ok
test smoothing::tests::coefficients_match_the_reference_for_an_even_window ... ok
test smoothing::tests::coefficients_match_the_reference_for_an_odd_window ... ok
test smoothing::tests::the_boxcar_is_the_arithmetic_mean_over_an_odd_window ... ok
test signal::tests::the_home_hands_back_the_trace_the_file_wrote ... ok
test signal::tests::the_two_reasons_a_sample_is_reported_are_counted_apart ... ok
test smoothing::tests::an_even_boxcar_window_returns_the_mean_taken_half_a_sample_later ... ok
test smoothing::tests::the_leading_and_trailing_half_windows_hold_one_level ... ok
test stabilisation::tests::a_trace_that_ends_inside_the_dwell_says_so_rather_than_stopping_short ... ok
test stabilisation::tests::a_band_or_dwell_no_search_can_be_run_against_returns_no_answer ... ok
test statistics::tests::a_tie_reports_the_span_of_weights_it_could_have_returned ... ok
test stabilisation::tests::the_reported_instant_is_one_whole_dwell_after_the_band_was_entered ... ok
test stabilisation::tests::the_overstatement_is_the_dwell_and_moves_with_it ... ok
test statistics::tests::a_tied_variance_plateau_is_reported_rather_than_hidden ... ok
test stabilisation::tests::a_trace_that_never_settles_reports_the_longest_run_it_managed ... ok
test statistics::tests::median_averages_the_two_central_values_on_an_even_count ... ok
test phases::tests::the_window_closes_where_the_smoothed_force_has_fallen_the_stated_percentage ... ok
test statistics::tests::the_low_force_floor_keeps_the_flight_phase_out_of_the_weighing_window ... ok
test statistics::tests::every_value_this_choice_takes_has_one_word_and_one_home ... ok
test statistics::tests::the_two_dispersion_estimators_are_not_interchangeable ... ok
test takeoff::tests::a_brief_dip_is_not_taken_for_a_flight_phase ... ok
test stabilisation::tests::a_wider_band_settles_the_trace_sooner ... ok
test spectrum::tests::a_single_tone_puts_its_power_at_its_own_frequency ... ok
test takeoff::tests::a_negative_reading_on_an_unloaded_plate_splits_the_two_comparisons ... ok
test takeoff::tests::a_takeoff_that_is_never_reached_names_the_threshold_it_wanted ... ok
test statistics::tests::index_of_minimum_takes_the_earliest_of_a_tie ... ok
test statistics::tests::compensated_summation_beats_the_naive_loop_on_a_hostile_sequence ... ok
test spectrum::tests::the_spectrums_power_matches_the_traces_own ... ok
test takeoff::tests::short_run_handling_changes_whether_the_trial_is_usable_at_all ... ok
test trial::tests::a_flight_time_height_with_no_landing_offset_is_the_projectile_equation ... ok
test takeoff::tests::the_longest_run_rule_lands_after_the_athlete_has_already_landed ... ok
test spectrum::tests::the_retained_fraction_moves_the_cutoff_past_the_higher_tone ... ok
test trial::tests::the_heel_rise_constant_lands_in_the_range_its_source_reports ... ok
test trial::tests::the_ankle_to_toe_segment_matches_the_published_fraction_of_stature ... ok
test trial::tests::takeoff_velocity_equals_net_impulse_over_mass ... ok
test trial::tests::an_unchanged_ankle_moves_the_centre_of_mass_nowhere_and_a_changed_one_moves_it_down ... ok
test trial::tests::a_drop_height_gives_a_downward_touchdown_velocity ... ok
test trial::tests::reactive_strength_index_refuses_a_zero_denominator ... ok
test trial::tests::a_window_anchored_late_weighs_the_samples_under_it ... ok
test trial::tests::the_two_published_values_of_gravity_move_jump_height ... ok
test validity::tests::a_classification_carries_the_margin_it_was_decided_by ... ok
test validity::tests::rejected_candidates_are_reported_rather_than_removed ... ok
test validity::tests::the_anchor_mass_is_where_the_two_rules_meet ... ok
test validity::tests::a_gate_reports_its_margin_on_both_sides_of_the_criterion ... ok
test validity::tests::the_contamination_threshold_follows_how_still_the_athlete_stood ... ok
test validity::tests::the_greatest_force_travels_with_a_period_that_has_no_transient_peak ... ok
test validity::tests::a_zero_exponent_recovers_the_fixed_threshold_exactly ... ok
test validity::tests::the_flight_window_reports_the_rejected_count_with_its_denominator ... ok
test validity::tests::a_ripple_on_a_smooth_period_is_what_the_count_finds ... ok
test validity::tests::a_count_cannot_exceed_the_count_it_was_taken_over ... ok
test validity::tests::the_exponent_moves_the_threshold_for_an_athlete_off_the_anchor ... ok
test trial::tests::the_identity_holds_at_every_sample_rate ... ok
test trial::tests::the_two_jump_height_methods_are_different_constructs ... ok
test validity::tests::the_selection_rule_changes_which_flight_phase_is_taken ... ok
test validity::tests::the_two_pretension_criteria_disagree_across_athlete_mass ... ok
test warp::tests::a_band_narrower_than_the_length_difference_names_both_numbers ... ok
test trial::tests::weighing_epoch_recovers_the_system_weight ... ok
test waveform::tests::a_basis_larger_than_the_data_is_named_rather_than_guessed_at ... ok
test waveform::tests::a_covariance_matrix_is_symmetric_and_carries_the_variance_on_its_diagonal ... ok
test warp::tests::an_empty_curve_names_both_lengths ... ok
test smoothing::tests::the_even_window_filter_matches_the_reference_implementation ... ok
test validity::tests::the_reported_departure_is_the_one_the_gate_compared ... ok
test smoothing::tests::an_even_window_shifts_the_signal_half_a_sample_later ... ok
test waveform::tests::a_correlation_matrix_would_have_given_different_components ... ok
test smoothing::tests::a_cubic_passes_through_an_odd_cubic_filter_unchanged ... ok
test warp::tests::a_curve_aligned_onto_itself_needs_no_warping ... ok
test spectrum::tests::a_standing_offset_does_not_reach_the_spectrum ... ok
test waveform::tests::a_decomposition_reconstructs_the_matrix_it_came_from ... ok
test waveform::tests::a_curve_missing_a_landmark_is_reported_with_its_denominator_and_not_dropped ... ok
test waveform::tests::a_diagonal_matrix_decomposes_to_itself ... ok
test waveform::tests::a_permutation_run_with_no_permutations_is_refused ... ok
test waveform::tests::a_one_sample_field_takes_its_degrees_of_freedom_from_the_curve_count ... ok
test waveform::tests::a_landmark_no_curve_carries_leaves_every_curve_unregistered_rather_than_guessed_at ... ok
test waveform::tests::a_field_with_no_extent_needs_only_the_point_wise_height ... ok
test waveform::tests::a_difference_confined_to_one_window_is_reported_in_that_window ... ok
test phases::tests::the_moving_average_width_is_read_in_seconds_and_converted ... ok
test waveform::tests::a_longer_rougher_field_has_to_clear_a_higher_bar ... ok
test warp::tests::curves_of_different_lengths_align_end_to_end ... ok
test waveform::tests::a_registration_with_no_designated_landmarks_is_refused ... ok
test waveform::tests::clusters_carry_the_stretch_they_ran_over_and_not_only_their_peak ... ok
test waveform::tests::kaiser_and_raw_normalisation_are_not_the_same_rotation ... ok
test waveform::tests::a_threshold_outside_its_range_is_refused_rather_than_clamped ... ok
test waveform::tests::a_variance_share_takes_the_components_that_reach_it ... ok
test waveform::tests::registration_carries_features_from_different_times_onto_one ... ok
test waveform::tests::a_ragged_curve_set_is_named_rather_than_truncated ... ok
test waveform::tests::the_log_gamma_matches_values_that_are_known_in_closed_form ... ok
test waveform::tests::the_sign_convention_survives_a_negated_input_vector ... ok
test waveform::tests::eigenvalues_come_back_descending_and_eigenvectors_are_orthonormal ... ok
test waveform::tests::the_student_tail_matches_the_table_it_replaces ... ok
test warp::tests::the_warping_function_never_runs_backwards ... ok
test waveform::tests::a_smooth_field_reads_as_smoother_than_a_rough_one ... ok
test waveform::tests::varimax_leaves_an_already_simple_structure_alone ... ok
test waveform::tests::two_curve_sets_that_do_not_differ_produce_no_cluster ... ok
test warp::tests::a_narrow_band_refuses_the_stretch_a_wide_one_allows ... ok
test waveform::tests::varimax_raises_the_simplicity_criterion_on_a_mixed_structure ... ok
test warp::tests::a_shifted_feature_is_aligned_and_the_stretch_is_reported ... ok
test waveform::tests::every_component_the_decomposition_returns_obeys_the_sign_convention ... ok
test waveform::tests::landmarks_that_share_an_instant_cannot_be_carried_by_a_monotone_warp ... ok
test waveform::tests::an_expansion_carries_the_basis_and_penalty_that_produced_it ... ok
test waveform::tests::a_heavier_penalty_spends_fewer_degrees_of_freedom ... ok
test exponential_rise::tests::the_residual_reports_how_far_the_trace_is_from_the_model ... ok
test smoothing::tests::a_constant_comes_back_as_the_same_constant ... ok
test exponential_rise::tests::a_noiseless_rise_returns_the_parameters_that_generated_it ... ok
test waveform::tests::the_rotation_separates_components_that_would_otherwise_share_a_bump ... ok
test waveform::tests::the_variance_share_decides_how_many_components_come_back ... ok
test waveform::tests::the_basis_size_moves_the_components_it_is_required_to_report ... ok
test bspline::tests::the_basis_size_decides_how_much_of_a_sharp_feature_survives ... ok
test waveform::tests::the_loading_threshold_moves_the_phase_boundary ... ok
test waveform::tests::the_two_routes_to_a_threshold_reach_comparable_heights ... ok
test exponential_rise::tests::the_asymptote_stands_above_the_largest_sample_of_the_rise ... ok
test waveform::tests::a_permutation_threshold_is_the_same_on_every_run_from_one_seed ... ok
test bspline::tests::the_criterion_spends_fewer_parameters_on_a_noisier_copy ... ok

test result: ok. 348 passed; 0 failed; 0 ignored; 0 measured; 0 filtered out; finished in 0.93s

     Running tests/a_boundary_search_that_met_nothing.rs (target/debug/deps/a_boundary_search_that_met_nothing-4ccd2c9f56bdbf9c)

running 4 tests
test a_force_crossing_that_returns_its_own_end_of_the_search_says_so ... ok
test the_single_unweighting_model_refuses_the_boundary_its_search_did_not_meet ... ok
test the_velocity_the_model_reads_comes_from_the_weighed_system_weight ... ok
test the_split_model_refuses_the_boundary_its_velocity_search_did_not_meet ... ok

test result: ok. 4 passed; 0 failed; 0 ignored; 0 measured; 0 filtered out; finished in 0.01s

     Running tests/dual_pass_correction.rs (target/debug/deps/dual_pass_correction-c59def629942e429)

running 1 test
test the_correction_that_carries_the_order_and_the_one_that_does_not ... ok

test result: ok. 1 passed; 0 failed; 0 ignored; 0 measured; 0 filtered out; finished in 0.11s

     Running tests/recompute_budget.rs (target/debug/deps/recompute_budget-ea953a236c9c09fc)

running 1 test
test the_recompute_path_reports_its_cost_with_the_sample_count_beside_it ... ok

test result: ok. 1 passed; 0 failed; 0 ignored; 0 measured; 0 filtered out; finished in 0.88s

     Running unittests src/lib.rs (target/debug/deps/plateforce-8d0df3c25f00badd)

running 8 tests
test registry::tests::the_registry_in_the_wheel_is_the_registry_in_the_repository ... ok
test registry::tests::the_wheel_carries_methods ... ok
test registry::tests::the_wheel_names_the_revision_the_registry_declares ... ok
test analysis::tests::a_name_the_registry_filled_in_is_bound_the_way_a_number_is ... ok
test analysis::tests::a_name_the_caller_stated_through_the_binding_is_recorded_as_theirs ... ok
test analysis::tests::a_value_the_caller_named_is_recorded_as_theirs_on_every_slot ... ok
test analysis::tests::a_value_the_registry_filled_in_is_not_recorded_as_one_the_caller_stated ... ok
test analysis::tests::every_slot_says_which_of_its_values_the_registry_filled_in ... ok

test result: ok. 8 passed; 0 failed; 0 ignored; 0 measured; 0 filtered out; finished in 0.70s

     Running unittests src/lib.rs (target/debug/deps/plateforce_registry-0a976848f6b1c598)

running 13 tests
test tests::a_directory_holding_constructs_and_no_methods_is_not_a_registry ... ok
test tests::a_file_belonging_to_no_population_is_refused_rather_than_walked_past ... ok
test tests::a_path_with_no_directory_is_not_an_empty_registry ... ok
test tests::every_variant_prints_the_way_the_registry_spells_it ... ok
test tests::a_directory_holding_no_entries_is_not_a_registry ... ok
test tests::a_registry_that_names_none_reports_none ... ok
test tests::a_misspelt_key_is_refused_rather_than_dropped ... ok
test tests::a_link_pointing_back_up_the_tree_is_refused_rather_than_walked_forever ... ok
test tests::a_registry_that_names_a_revision_reports_it ... ok
test tests::a_loaded_registry_names_the_files_the_loader_read ... ok
test tests::the_digest_follows_the_content_and_nothing_else ... ok
test tests::a_method_file_in_a_subdirectory_is_loaded_the_way_the_browser_embeds_it ... ok
test tests::two_definitions_of_one_id_are_a_violation_rather_than_a_census_of_one ... ok

test result: ok. 13 passed; 0 failed; 0 ignored; 0 measured; 0 filtered out; finished in 0.01s

     Running tests/a_bias_names_something_a_reader_can_resolve.rs (target/debug/deps/a_bias_names_something_a_reader_can_resolve-64bf112c33fe45ae)

running 6 tests
test a_criterion_naming_nothing_is_refused ... ok
test two_implementations_of_one_rule_need_no_parameter ... ok
test a_definition_of_record_reporting_a_direction_is_refused ... ok
test every_external_criterion_the_vocabulary_declares_raises_nothing ... ok
test a_model_self_comparison_with_no_parameter_to_sweep_is_refused ... ok
test a_criterion_the_registry_carries_raises_nothing ... ok

test result: ok. 6 passed; 0 failed; 0 ignored; 0 measured; 0 filtered out; finished in 0.01s

     Running tests/a_parameter_that_varies_by_name_states_its_options.rs (target/debug/deps/a_parameter_that_varies_by_name_states_its_options-2ccad2dc00f75d09)

running 7 tests
test a_default_naming_an_option_the_parameter_does_not_list_is_refused ... ok
test a_parameter_declaring_a_default_twice_is_refused ... ok
test a_named_default_with_nobody_named_as_having_chosen_it_is_refused ... ok
test a_parameter_listing_one_option_twice_is_refused ... ok
test an_option_stating_a_number_without_its_unit_does_not_parse ... ok
test one_option_carries_several_numbers_each_in_its_own_unit ... ok
test a_parameter_naming_its_options_and_defaulting_to_one_of_them_raises_nothing ... ok

test result: ok. 7 passed; 0 failed; 0 ignored; 0 measured; 0 filtered out; finished in 0.01s

     Running tests/a_preset_is_checked_against_the_registry_it_names_into.rs (target/debug/deps/a_preset_is_checked_against_the_registry_it_names_into-11380987c548090a)

running 10 tests
test a_preset_is_counted_on_its_own_denominator_and_never_added_to_another ... ok
test a_preset_binding_a_rule_under_another_construct_is_refused_and_names_both ... ok
test a_preset_binding_one_construct_twice_is_refused ... ok
test a_preset_silent_about_a_declared_construct_raises_nothing ... ok
test a_preset_silent_about_a_construct_the_registry_does_not_carry_is_refused ... ok
test a_preset_file_outside_the_presets_directory_names_where_presets_live ... ok
test a_preset_stating_a_pipeline_with_no_source_for_it_is_refused ... ok
test a_preset_naming_a_rule_the_registry_does_not_carry_is_refused ... ok
test a_preset_whose_bindings_all_resolve_raises_nothing ... ok
test two_presets_under_one_id_are_a_refusal_rather_than_a_census_of_one ... ok

test result: ok. 10 passed; 0 failed; 0 ignored; 0 measured; 0 filtered out; finished in 0.01s

     Running tests/an_entry_out_of_reach_states_what_stands_in_the_way.rs (target/debug/deps/an_entry_out_of_reach_states_what_stands_in_the_way-38b4460b8fe8f3d3)

running 6 tests
test an_entry_names_its_boundary_and_raises_nothing ... ok
test an_undetermined_boundary_carries_the_query_that_would_settle_it ... ok
test a_query_beside_a_settled_boundary_is_refused ... ok
test a_boundary_the_vocabulary_does_not_carry_does_not_parse ... ok
test an_undetermined_boundary_without_a_query_is_refused ... ok
test every_boundary_the_classification_writes_is_one_the_registry_reads ... ok

test result: ok. 6 passed; 0 failed; 0 ignored; 0 measured; 0 filtered out; finished in 0.01s

     Running tests/every_construct_speaks_the_fields_words.rs (target/debug/deps/every_construct_speaks_the_fields_words-82168ce905605afb)

running 2 tests
test every_declared_construct_carries_a_spoken_label ... ok
test a_construct_the_field_names_plainly_keeps_that_name ... ok

test result: ok. 2 passed; 0 failed; 0 ignored; 0 measured; 0 filtered out; finished in 0.16s

     Running tests/every_rule_the_loader_enforces_fires_when_it_is_broken.rs (target/debug/deps/every_rule_the_loader_enforces_fires_when_it_is_broken-6868953c3ab94707)

running 20 tests
test a_bias_in_a_different_unit_from_the_parameter_it_equals_is_refused ... ok
test a_bias_equalling_a_parameter_that_declares_no_default_is_refused ... ok
test a_bias_disagreeing_with_the_parameter_it_equals_is_refused ... ok
test a_bias_that_names_no_parameter_is_left_alone ... ok
test a_bias_stated_against_a_blank_criterion_is_refused ... ok
test a_default_naming_a_chooser_this_entry_does_not_cite_is_refused ... ok
test a_bias_equalling_a_parameter_this_entry_does_not_carry_is_refused ... ok
test a_failure_rate_that_does_not_match_its_own_numerator_and_denominator_is_refused ... ok
test a_method_naming_a_construct_that_is_not_declared_is_refused ... ok
test a_disagreement_the_other_side_does_not_record_is_refused ... ok
test a_failure_rate_stated_without_a_denominator_is_refused ... ok
test a_protocol_affecting_something_the_registry_does_not_carry_is_refused ... ok
test an_id_that_is_not_a_dotted_canonical_name_is_refused ... ok
test a_registry_that_breaks_no_rule_raises_nothing ... ok
test one_id_in_both_populations_is_refused_even_though_neither_census_moves ... ok
test refusing_to_offer_a_rule_without_saying_what_the_refusal_is_for_is_refused ... ok
test a_numeric_default_with_nobody_named_as_having_chosen_it_is_refused ... ok
test disagreeing_with_an_entry_that_does_not_exist_is_refused ... ok
test a_recommendation_resting_on_a_source_nobody_obtained_is_refused ... ok
test a_rounded_failure_rate_is_accepted_and_a_transcription_error_is_not ... ok

test result: ok. 20 passed; 0 failed; 0 ignored; 0 measured; 0 filtered out; finished in 0.01s

     Running tests/every_rule_the_loader_enforces_is_named_by_a_test.rs (target/debug/deps/every_rule_the_loader_enforces_is_named_by_a_test-2f56d68cb26c0ccf)

running 3 tests
test the_scan_reads_the_vocabulary_rather_than_an_empty_list ... ok
test every_rule_the_loader_enforces_is_named_by_a_test ... ok
test every_rule_the_loader_enforces_is_named_in_the_published_contract ... ok

test result: ok. 3 passed; 0 failed; 0 ignored; 0 measured; 0 filtered out; finished in 0.01s

     Running tests/the_shipped_registry_is_valid.rs (target/debug/deps/the_shipped_registry_is_valid-585f3412e4d4f82c)

running 1 test
test the_registry_this_repository_ships_passes_validation ... ok

test result: ok. 1 passed; 0 failed; 0 ignored; 0 measured; 0 filtered out; finished in 0.18s

     Running unittests src/lib.rs (target/debug/deps/plateforce_serve-48b99555e9d142b1)

running 16 tests
test assets::tests::nothing_outside_the_table_resolves ... ok
test assets::tests::the_document_answers_the_root_and_its_own_name ... ok
test http::tests::a_request_line_and_its_headers_are_read ... ok
test http::tests::another_method_is_refused_with_what_this_server_answers ... ok
test http::tests::head_carries_the_headers_and_no_body ... ok
test http::tests::every_response_carries_the_policy_that_keeps_the_page_local ... ok
test http::tests::the_policy_admits_what_the_document_carries_inline ... ok
test http::tests::what_is_not_a_request_is_not_read_as_one ... ok
test tests::a_port_that_went_missing_is_refused_rather_than_resolved_to_the_default ... ok
test tests::no_options_asks_the_operating_system_for_a_port_and_opens_nothing ... ok
test tests::the_joined_spelling_names_the_same_port ... ok
test tests::an_option_this_command_does_not_have_is_named_rather_than_dropped ... ok
test tests::the_usage_names_the_options_this_command_reads ... ok
test tests::two_ports_on_one_line_are_refused ... ok
test http::tests::a_request_head_larger_than_the_cap_is_refused ... ok
test tests::a_usage_error_and_a_runtime_failure_carry_different_codes ... ok

test result: ok. 16 passed; 0 failed; 0 ignored; 0 measured; 0 filtered out; finished in 0.00s

     Running tests/the_embedded_assets_are_the_directory.rs (target/debug/deps/the_embedded_assets_are_the_directory-b6e404892b5f5087)

running 1 test
test the_embedded_set_is_the_directory_minus_what_was_excluded ... ok

test result: ok. 1 passed; 0 failed; 0 ignored; 0 measured; 0 filtered out; finished in 0.00s

     Running tests/the_page_loads.rs (target/debug/deps/the_page_loads-c0127196ba46c173)

running 3 tests
test the_root_is_the_document ... ok
test a_module_script_arrives_as_javascript ... ok
test the_module_arrives_as_webassembly ... ok

test result: ok. 3 passed; 0 failed; 0 ignored; 0 measured; 0 filtered out; finished in 0.00s

     Running tests/the_server_refuses_what_it_should.rs (target/debug/deps/the_server_refuses_what_it_should-c6351810415430af)

running 2 tests
test another_method_is_refused_with_the_ones_this_server_answers ... ok
test a_path_the_interface_does_not_have_is_named_rather_than_guessed ... ok

test result: ok. 2 passed; 0 failed; 0 ignored; 0 measured; 0 filtered out; finished in 0.01s

     Running unittests src/lib.rs (target/debug/deps/plateforce_wasm-60670fcf2354e92c)

running 14 tests
test tests::the_block_the_manifest_claims_is_the_block_this_crate_builds ... ok
test tests::every_entry_point_states_what_it_dispatches ... ok
test registry_embed::tests::both_surfaces_refuse_the_same_duplicated_id ... ok
test tests::the_browser_claims_neither_compare_nor_reach ... ok
test tests::the_manifest_is_built_from_the_entry_points_this_crate_exposes ... ok
test tests::the_tab_names_every_member_of_the_acquisition_block ... ok
test tests::the_only_container_the_tab_writes_is_json ... ok
test demo::tests::its_impulse_and_its_stated_takeoff_velocity_agree ... ok
test demo::tests::the_published_onset_rule_finds_an_onset_on_it ... ok
test demo::tests::the_demonstration_trial_has_the_shape_of_the_measured_corpus ... ok
test registry_embed::tests::every_embedded_file_parses_against_the_schema_types ... ok
test registry_embed::tests::validator_output_reaches_the_caller ... ok
test registry_embed::tests::the_embedded_registry_is_the_directory_the_desktop_reads ... ok
test registry_embed::tests::the_browser_names_the_revision_the_registry_declares ... ok

test result: ok. 14 passed; 0 failed; 0 ignored; 0 measured; 0 filtered out; finished in 0.19s

     Running tests/a_preset_states_the_pipeline_its_source_states.rs (target/debug/deps/a_preset_states_the_pipeline_its_source_states-1b84fe7c573867ef)

running 2 tests
test a_preset_binding_a_rule_this_build_does_not_run_refuses_by_name ... ok
test owen2014_resolves_to_every_value_its_source_states_and_no_others ... ok

test result: ok. 2 passed; 0 failed; 0 ignored; 0 measured; 0 filtered out; finished in 0.17s

     Running tests/browser_request.rs (target/debug/deps/browser_request-7b2e4e75dc1d431d)

running 2 tests
test a_field_this_module_does_not_carry_is_refused ... ok
test every_value_the_interface_posts_is_read_by_the_rule_it_was_posted_for ... FAILED

failures:

---- every_value_the_interface_posts_is_read_by_the_rule_it_was_posted_for stdout ----

thread 'every_value_the_interface_posts_is_read_by_the_rule_it_was_posted_for' (3605390) panicked at crates/plateforce-wasm/tests/browser_request.rs:68:46:
the interface's request no longer runs: Refusal { code: RequiredParameterUnstated, method_id: "bwepoch.adaptive_lowest_variance", slot: Some("system_weight"), parameter: Some("dispersion"), value: None, named_value: None, detail: {}, available: [], message: "bwepoch.adaptive_lowest_variance publishes no default for dispersion, so it has to be stated" }
note: run with `RUST_BACKTRACE=1` environment variable to display a backtrace


failures:
    every_value_the_interface_posts_is_read_by_the_rule_it_was_posted_for

test result: FAILED. 1 passed; 1 failed; 0 ignored; 0 measured; 0 filtered out; finished in 0.05s

error: test failed, to rerun pass `-p plateforce-wasm --test browser_request`
     Running tests/entailed_operator_values.rs (target/debug/deps/entailed_operator_values-66b773c92f2abb41)

running 1 test
test a_named_value_a_composed_operator_publishes_is_honoured_or_refused_and_never_dropped ... FAILED

failures:

---- a_named_value_a_composed_operator_publishes_is_honoured_or_refused_and_never_dropped stdout ----

thread 'a_named_value_a_composed_operator_publishes_is_honoured_or_refused_and_never_dropped' (3605480) panicked at crates/plateforce-wasm/tests/entailed_operator_values.rs:214:5:
0 named parameters on composed operators were asked for, which is fewer than the operators this build composes, so the sweep no longer reaches them
note: run with `RUST_BACKTRACE=1` environment variable to display a backtrace


failures:
    a_named_value_a_composed_operator_publishes_is_honoured_or_refused_and_never_dropped

test result: FAILED. 0 passed; 1 failed; 0 ignored; 0 measured; 0 filtered out; finished in 0.18s

error: test failed, to rerun pass `-p plateforce-wasm --test entailed_operator_values`
     Running tests/every_rule_resolves_in_the_registry.rs (target/debug/deps/every_rule_resolves_in_the_registry-a89dd44efdac4185)

running 4 tests
test every_operator_entry_sits_on_the_construct_its_id_names ... ok
test a_composition_with_an_entry_of_its_own_records_under_itself ... ok
test every_id_this_build_records_resolves_in_the_registry ... ok
test an_id_is_redirected_only_while_the_registry_carries_no_row_for_it ... ok

test result: ok. 4 passed; 0 failed; 0 ignored; 0 measured; 0 filtered out; finished in 0.16s

     Running tests/fallbacks_match_the_registry.rs (target/debug/deps/fallbacks_match_the_registry-4518029386407d10)

running 5 tests
test every_declared_name_reaches_a_rule ... FAILED
test a_published_value_is_not_a_default ... ok
test a_name_no_entry_declares_is_not_chosen_in_silence ... FAILED
test every_value_a_rule_assumes_is_the_one_the_registry_declares ... FAILED
test every_name_a_rule_assumes_is_the_one_the_registry_declares ... FAILED

failures:

---- every_declared_name_reaches_a_rule stdout ----

thread 'every_declared_name_reaches_a_rule' (3605641) panicked at crates/plateforce-wasm/tests/fallbacks_match_the_registry.rs:484:5:
13 of 13 declared names on the entries this build runs are bound by no rule, so the registry publishes a choice no caller can make:
  bwepoch.fixed_window.centre
  bwepoch.fixed_window.dispersion
  bwepoch.adaptive_lowest_variance.accumulation
  bwepoch.adaptive_lowest_variance.dispersion
  bwepoch.manual_placement.centre
  bwepoch.manual_placement.dispersion
  onset.threshold.adaptive_trailing_window.dispersion
  takeoff.threshold.flight_noise_k_sd.dispersion
  phase.braking_start.zero_net_force.search_signal
  onset.op.crossing_selection.selection
  onset.op.direction.direction
  takeoff.op.residual_comparison.comparison
  takeoff.op.short_run_handling.short_run_handling
note: run with `RUST_BACKTRACE=1` environment variable to display a backtrace

---- a_name_no_entry_declares_is_not_chosen_in_silence stdout ----
0 name bindings examined where the entry declares no default, of 0 rows walked

thread 'a_name_no_entry_declares_is_not_chosen_in_silence' (3605639) panicked at crates/plateforce-wasm/tests/fallbacks_match_the_registry.rs:443:5:
no rule bound a name its entry declares no default for, so this guard is watching nothing

---- every_value_a_rule_assumes_is_the_one_the_registry_declares stdout ----
0 declared defaults compared, from 0 rules that recorded one, of 105 binding rows and 13 composed operators

thread 'every_value_a_rule_assumes_is_the_one_the_registry_declares' (3605643) panicked at crates/plateforce-wasm/tests/fallbacks_match_the_registry.rs:271:5:
only 0 declared defaults were reached, so this comparison has stopped covering the rules

---- every_name_a_rule_assumes_is_the_one_the_registry_declares stdout ----
0 name bindings compared over rules that offer the choice, 0 more over rules whose own choice fixes the name, against 13 parameters declaring one in the registry and 0 rows walked

thread 'every_name_a_rule_assumes_is_the_one_the_registry_declares' (3605642) panicked at crates/plateforce-wasm/tests/fallbacks_match_the_registry.rs:370:5:
only 0 name bindings were reached through a rule that offers the choice, so this comparison has stopped covering the declared names


failures:
    a_name_no_entry_declares_is_not_chosen_in_silence
    every_declared_name_reaches_a_rule
    every_name_a_rule_assumes_is_the_one_the_registry_declares
    every_value_a_rule_assumes_is_the_one_the_registry_declares

test result: FAILED. 1 passed; 4 failed; 0 ignored; 0 measured; 0 filtered out; finished in 0.25s

error: test failed, to rerun pass `-p plateforce-wasm --test fallbacks_match_the_registry`
     Running tests/method_set_round_trip.rs (target/debug/deps/method_set_round_trip-8124399893c736fb)

running 6 tests
test a_document_from_a_later_version_is_refused_as_a_version ... ok
test a_misspelt_field_is_refused_rather_than_dropped ... ok
test a_construct_this_build_runs_no_slot_for_is_refused_by_name ... ok
test a_request_writes_a_document_that_reads_back_as_the_same_request ... ok
test a_slot_nobody_stated_is_absent_rather_than_written_empty ... ok
test the_schema_string_is_the_one_that_gets_committed_to_other_peoples_repositories ... ok

test result: ok. 6 passed; 0 failed; 0 ignored; 0 measured; 0 filtered out; finished in 0.00s

     Running tests/metrics_name_the_rule_that_computed_them.rs (target/debug/deps/metrics_name_the_rule_that_computed_them-fa24450f8424c190)

running 2 tests
test every_named_computation_resolves_in_the_registry ... FAILED
test modified_reactive_strength_says_which_numerator_it_used ... FAILED

failures:

---- every_named_computation_resolves_in_the_registry stdout ----

thread 'every_named_computation_resolves_in_the_registry' (3605669) panicked at crates/plateforce-wasm/tests/metrics_name_the_rule_that_computed_them.rs:48:44:
the rules ran: Refusal { code: RequiredParameterUnstated, method_id: "bwepoch.fixed_window", slot: Some("system_weight"), parameter: Some("dispersion"), value: None, named_value: None, detail: {}, available: [], message: "bwepoch.fixed_window publishes no default for dispersion, so it has to be stated" }
note: run with `RUST_BACKTRACE=1` environment variable to display a backtrace

---- modified_reactive_strength_says_which_numerator_it_used stdout ----

thread 'modified_reactive_strength_says_which_numerator_it_used' (3605670) panicked at crates/plateforce-wasm/tests/metrics_name_the_rule_that_computed_them.rs:81:44:
the rules ran: Refusal { code: RequiredParameterUnstated, method_id: "bwepoch.fixed_window", slot: Some("system_weight"), parameter: Some("dispersion"), value: None, named_value: None, detail: {}, available: [], message: "bwepoch.fixed_window publishes no default for dispersion, so it has to be stated" }


failures:
    every_named_computation_resolves_in_the_registry
    modified_reactive_strength_says_which_numerator_it_used

test result: FAILED. 0 passed; 2 failed; 0 ignored; 0 measured; 0 filtered out; finished in 0.19s

error: test failed, to rerun pass `-p plateforce-wasm --test metrics_name_the_rule_that_computed_them`
     Running tests/no_reader_repairs_the_recording_it_was_handed.rs (target/debug/deps/no_reader_repairs_the_recording_it_was_handed-2cbf8e268906d2f6)

running 5 tests
test declaring_the_convention_that_matches_the_flight_moves_no_number ... ok
test the_batch_reader_hands_back_the_trace_the_file_wrote ... ok
test the_tab_hands_back_the_trace_the_file_wrote ... ok
test the_tab_declines_the_landmark_the_damaged_stance_puts_out_of_reach ... ok
test the_tab_answers_the_damaged_recording_differently_from_the_clean_one ... ok

test result: ok. 5 passed; 0 failed; 0 ignored; 0 measured; 0 filtered out; finished in 0.32s

     Running tests/offered_parameters.rs (target/debug/deps/offered_parameters-8631df0c5a3ce105)

running 4 tests
test a_name_the_rule_does_not_read_is_reported_rather_than_dropped_in_silence ... FAILED
test the_operators_this_sweep_walks_are_the_operators_this_build_declares ... FAILED
test every_parameter_a_control_offers_reaches_the_rule_it_belongs_to ... FAILED
test every_parameter_a_control_offers_moves_a_number ... FAILED

failures:

---- a_name_the_rule_does_not_read_is_reported_rather_than_dropped_in_silence stdout ----

thread 'a_name_the_rule_does_not_read_is_reported_rather_than_dropped_in_silence' (3605803) panicked at crates/plateforce-wasm/tests/offered_parameters.rs:708:42:
called `Result::unwrap()` on an `Err` value: Refusal { code: RequiredParameterUnstated, method_id: "bwepoch.fixed_window", slot: Some("system_weight"), parameter: Some("dispersion"), value: None, named_value: None, detail: {}, available: [], message: "bwepoch.fixed_window publishes no default for dispersion, so it has to be stated" }
note: run with `RUST_BACKTRACE=1` environment variable to display a backtrace

---- the_operators_this_sweep_walks_are_the_operators_this_build_declares stdout ----

thread 'the_operators_this_sweep_walks_are_the_operators_this_build_declares' (3605806) panicked at crates/plateforce-wasm/tests/offered_parameters.rs:597:5:
13 of 13 declared operators were composed by no binding in this sweep, so a rename would take one out of the sweep rather than turning it red: ["onset.op.backtrack_to_tolerance", "onset.op.backward_offset_fixed", "onset.op.crossing_selection", "onset.op.direction", "onset.op.persistence", "onset.op.search_floor", "onset.op.search_floor_at_weighing_epoch_end", "onset.op.search_upper_bound", "takeoff.op.crossing_selection", "takeoff.op.residual_comparison", "takeoff.op.search_floor_at_trial_start", "takeoff.op.search_floor_at_weighing_epoch_end", "takeoff.op.short_run_handling"]

---- every_parameter_a_control_offers_reaches_the_rule_it_belongs_to stdout ----

thread 'every_parameter_a_control_offers_reaches_the_rule_it_belongs_to' (3605805) panicked at crates/plateforce-wasm/tests/offered_parameters.rs:527:5:
0 parameters on composed operators were swept, which is fewer than the operators this build composes, so the sweep no longer reaches them

---- every_parameter_a_control_offers_moves_a_number stdout ----

thread 'every_parameter_a_control_offers_moves_a_number' (3605804) panicked at crates/plateforce-wasm/tests/offered_parameters.rs:688:5:
61 of 61 offered parameters are inert over 7 traces:
  'duration' on bwepoch.fixed_window: 8 values from 0.003125 to 64 return the same numbers
  'window_seconds' on bwepoch.adaptive_lowest_variance: 6 values from 0.00625 to 64 return the same numbers
  'variance_floor_pct_bodyweight' on bwepoch.adaptive_lowest_variance: 3 values from 0.015625 to 16 return the same numbers
  'reject_at_or_below_fraction_of_weight' on bwepoch.adaptive_lowest_variance: 3 values from 0.00078125 to 0.8 return the same numbers
  'span_seconds' on bwepoch.manual_placement: 4 values from 0.03125 to 64 return the same numbers
  'k' on onset.threshold.noise_relative: 8 values from 0.0625 to 256 return the same numbers
  'pct' on onset.threshold.relative_to_system_weight: 6 values from 0.03125 to 320 return the same numbers
  'threshold_n' on onset.threshold.absolute_force: 9 values from 0.3125 to 2560 return the same numbers
  'window_seconds' on onset.threshold.adaptive_trailing_window: 3 values from 0.03125 to 32 return the same numbers
  'k' on onset.threshold.adaptive_trailing_window: 8 values from 0.03125 to 160 return the same numbers
  'threshold_n' on takeoff.threshold.absolute_force: 9 values from 0.03125 to 1600 return the same numbers
  'persistence_ms' on takeoff.threshold.absolute_force: 5 values from 0.46875 to 8000 return the same numbers
  'threshold_n' on takeoff.threshold.descending_crossing: 9 values from 0.03125 to 1600 return the same numbers
  'persistence_ms' on takeoff.threshold.descending_crossing: 5 values from 0.46875 to 960 return the same numbers
  'k' on takeoff.threshold.flight_noise_k_sd: 3 values from 0.15625 to 160 return the same numbers
  'threshold_n' on takeoff.threshold.landing_shape: 3 values from 0.625 to 640 return the same numbers
  'landing_rise_rate_floor_bodyweights_per_second' on takeoff.threshold.landing_shape: 3 values from 0.625 to 640 return the same numbers
  'landing_peak_floor_bodyweights' on takeoff.threshold.landing_shape: 3 values from 0.015625 to 16 return the same numbers
  'maximum_rise_seconds' on takeoff.threshold.landing_shape: 3 values from 0.01875 to 19.2 return the same numbers
  'slope_span_seconds' on takeoff.threshold.landing_shape: 3 values from 0.0003125 to 0.32 return the same numbers
  'minimum_run_seconds' on takeoff.threshold.landing_shape: 3 values from 0.00025 to 0.256 return the same numbers
  'bridged_gap_seconds' on takeoff.threshold.landing_shape: 3 values from 0.000625 to 0.64 return the same numbers
  'bridged_gap_ceiling_bodyweights' on takeoff.threshold.landing_shape: 3 values from 0.003125 to 3.2 return the same numbers
  'length_seconds' on window_end.fixed_duration.isometric: 5 values from 0.0625 to 160 return the same numbers
  'dropoff_pct' on window_end.force_dropoff_from_running_max: 3 values from 0.15625 to 160 return the same numbers
  'moving_average_seconds' on window_end.force_dropoff_from_running_max: 3 values from 0.003125 to 3.2 return the same numbers
  'averaging_window_seconds' on force.peak.estimator: 4 values from 0 to 3.2 return the same numbers
  'threshold_n' on landing.threshold.absolute_force: 3 values from 0.625 to 640 return the same numbers
  'persistence_ms' on landing.threshold.absolute_force: 3 values from 0.46875 to 480 return the same numbers
  'gravity' on jumpheight.takeoff.flight_time: 6 values from 0.30625 to 313.92 return the same numbers
  'foot_length_fraction_of_stature' on jumpheight.flight_time.ankle_angle_corrected: 3 values from 0.00475 to 4.864 return the same numbers
  'malleolus_fraction_of_foot_length' on jumpheight.flight_time.ankle_angle_corrected: 3 values from 0.02459375 to 25.184 return the same numbers
  'ankle_height_fraction_of_stature' on jumpheight.flight_time.ankle_angle_corrected: 3 values from 0.00121875 to 1.248 return the same numbers
  'foot_angle_sine' on jumpheight.standing.flight_time_anthropometric_correction.wade2020: 3 values from 0.0275 to 28.16 return the same numbers
  'malleolus_fraction_of_foot_length' on jumpheight.standing.flight_time_anthropometric_correction.wade2020: 3 values from 0.02459375 to 25.184 return the same numbers
  'threshold_mps' on phase.propulsion_start.velocity_threshold: 3 values from 0.0003125 to 0.32 return the same numbers
  'unloading_drop_percent_of_system_weight' on phase.model.unloading_yielding_split.harry2020: 3 values from 0.078125 to 80 return the same numbers
  'epoch_ms' on phase.anchor.time_epochs.schmidtbleicher: 7 values from 0.9375 to 8000 return the same numbers
  'split_percent_of_duration' on phase.propulsion_subdivision.by_time: 3 values from 1.5625 to 1600 return the same numbers
  'epoch_ms' on rfd.epoch_from_onset.overlapping: 9 values from 0.9375 to 8000 return the same numbers
  'epoch_ms' on force.at_epoch_from_onset: 9 values from 0.9375 to 8000 return the same numbers
  'window_ms' on rfd.epoch_from_onset.sequential: 3 values from 1.5625 to 1600 return the same numbers
  'window_index' on rfd.epoch_from_onset.sequential: 6 values from 0.03125 to 128 return the same numbers
  'window_width_ms' on rfd.peak_sliding_window: 9 values from 0.0521875 to 1600 return the same numbers
  'fraction_pct' on rfd.at_fraction_of_peak_force: 4 values from 1.5625 to 2022.4 return the same numbers
  'epoch_ms' on impulse.epoch_from_onset: 9 values from 1.5625 to 9600 return the same numbers
  'fraction_pct' on impulse.to_fraction_of_peak_force: 3 values from 1.5625 to 1600 return the same numbers
  'deadband_n' on phase.lift.end.net_force_zero: 4 values from 0 to 320 return the same numbers
  'exponent' on norm.allometric: 4 values from 0.0209375 to 32 return the same numbers
  'threshold_n' on qc.jump_type_autodetection.sams: 3 values from 7.8125 to 8000 return the same numbers
  'threshold_n' on qc.jump_type_autodetection.mass_scaled: 3 values from 7.8125 to 8000 return the same numbers
  'anchor_mass_kg' on qc.jump_type_autodetection.mass_scaled: 3 values from 2.734375 to 2800 return the same numbers
  'exponent' on qc.jump_type_autodetection.mass_scaled: 5 values from 0 to 32 return the same numbers
  'ceiling' on trial.gate.pretension_ceiling: 3 values from 3.125 to 3200 return the same numbers
  'band_pct_bodyweight' on trial.gate.pretension_ceiling: 3 values from 0.3125 to 320 return the same numbers
  'k' on qc.countermovement_contamination.chavda2020: 3 values from 0.15625 to 160 return the same numbers
  'max_peaks' on qc.transient_peak_count.pedley2023: 3 values from 0.09375 to 96 return the same numbers
  'lower_seconds' on qc.flight_time_acceptance_window: 4 values from 0.003125 to 6.464 return the same numbers
  'upper_seconds' on qc.flight_time_acceptance_window: 4 values from 0.02821875 to 64 return the same numbers
  'band_pct' on tts.band_and_dwell.hawkin: 3 values from 0.15625 to 160 return the same numbers
  'dwell_seconds' on tts.band_and_dwell.hawkin: 3 values from 0.03125 to 32 return the same numbers


failures:
    a_name_the_rule_does_not_read_is_reported_rather_than_dropped_in_silence
    every_parameter_a_control_offers_moves_a_number
    every_parameter_a_control_offers_reaches_the_rule_it_belongs_to
    the_operators_this_sweep_walks_are_the_operators_this_build_declares

test result: FAILED. 0 passed; 4 failed; 0 ignored; 0 measured; 0 filtered out; finished in 0.93s

error: test failed, to rerun pass `-p plateforce-wasm --test offered_parameters`
     Running tests/quality_signals.rs (target/debug/deps/quality_signals-a1a6fd8600e5e635)

running 3 tests
test a_start_dragged_past_the_unweighting_names_the_start_and_not_the_takeoff ... FAILED
test a_trace_that_never_lands_says_the_check_could_not_run ... FAILED
test a_step_off_produces_two_jump_heights_and_only_that_trace_is_flagged ... FAILED

failures:

---- a_start_dragged_past_the_unweighting_names_the_start_and_not_the_takeoff stdout ----

thread 'a_start_dragged_past_the_unweighting_names_the_start_and_not_the_takeoff' (3606408) panicked at crates/plateforce-wasm/tests/quality_signals.rs:60:48:
the demonstration trial analyses: Refusal { code: RequiredParameterUnstated, method_id: "bwepoch.fixed_window", slot: Some("system_weight"), parameter: Some("dispersion"), value: None, named_value: None, detail: {}, available: [], message: "bwepoch.fixed_window publishes no default for dispersion, so it has to be stated" }
note: run with `RUST_BACKTRACE=1` environment variable to display a backtrace

---- a_trace_that_never_lands_says_the_check_could_not_run stdout ----

thread 'a_trace_that_never_lands_says_the_check_could_not_run' (3606410) panicked at crates/plateforce-wasm/tests/quality_signals.rs:60:48:
the demonstration trial analyses: Refusal { code: RequiredParameterUnstated, method_id: "bwepoch.fixed_window", slot: Some("system_weight"), parameter: Some("dispersion"), value: None, named_value: None, detail: {}, available: [], message: "bwepoch.fixed_window publishes no default for dispersion, so it has to be stated" }

---- a_step_off_produces_two_jump_heights_and_only_that_trace_is_flagged stdout ----

thread 'a_step_off_produces_two_jump_heights_and_only_that_trace_is_flagged' (3606409) panicked at crates/plateforce-wasm/tests/quality_signals.rs:60:48:
the demonstration trial analyses: Refusal { code: RequiredParameterUnstated, method_id: "bwepoch.fixed_window", slot: Some("system_weight"), parameter: Some("dispersion"), value: None, named_value: None, detail: {}, available: [], message: "bwepoch.fixed_window publishes no default for dispersion, so it has to be stated" }


failures:
    a_start_dragged_past_the_unweighting_names_the_start_and_not_the_takeoff
    a_step_off_produces_two_jump_heights_and_only_that_trace_is_flagged
    a_trace_that_never_lands_says_the_check_could_not_run

test result: FAILED. 0 passed; 3 failed; 0 ignored; 0 measured; 0 filtered out; finished in 0.09s

error: test failed, to rerun pass `-p plateforce-wasm --test quality_signals`
     Running tests/search_floor_moves_the_onset.rs (target/debug/deps/search_floor_moves_the_onset-a6b9179253a13a8b)

running 2 tests
test the_stated_floor_is_recorded_against_its_own_operator ... FAILED
test a_floor_after_the_movement_pushes_the_onset_past_it ... FAILED

failures:

---- the_stated_floor_is_recorded_against_its_own_operator stdout ----

thread 'the_stated_floor_is_recorded_against_its_own_operator' (3606456) panicked at crates/plateforce-wasm/tests/search_floor_moves_the_onset.rs:74:74:
the rule ran: Refusal { code: RequiredParameterUnstated, method_id: "bwepoch.fixed_window", slot: Some("system_weight"), parameter: Some("dispersion"), value: None, named_value: None, detail: {}, available: [], message: "bwepoch.fixed_window publishes no default for dispersion, so it has to be stated" }
note: run with `RUST_BACKTRACE=1` environment variable to display a backtrace

---- a_floor_after_the_movement_pushes_the_onset_past_it stdout ----

thread 'a_floor_after_the_movement_pushes_the_onset_past_it' (3606455) panicked at crates/plateforce-wasm/tests/search_floor_moves_the_onset.rs:46:65:
the rule ran: Refusal { code: RequiredParameterUnstated, method_id: "bwepoch.fixed_window", slot: Some("system_weight"), parameter: Some("dispersion"), value: None, named_value: None, detail: {}, available: [], message: "bwepoch.fixed_window publishes no default for dispersion, so it has to be stated" }


failures:
    a_floor_after_the_movement_pushes_the_onset_past_it
    the_stated_floor_is_recorded_against_its_own_operator

test result: FAILED. 0 passed; 2 failed; 0 ignored; 0 measured; 0 filtered out; finished in 0.04s

error: test failed, to rerun pass `-p plateforce-wasm --test search_floor_moves_the_onset`
     Running tests/the_tab_hands_out_an_account_of_every_number.rs (target/debug/deps/the_tab_hands_out_an_account_of_every_number-3765bc98a08d939b)

running 1 test
test every_number_carried_out_of_the_tab_gives_an_account_of_itself ... ok

test result: ok. 1 passed; 0 failed; 0 ignored; 0 measured; 0 filtered out; finished in 0.17s

     Running tests/window_envelope.rs (target/debug/deps/window_envelope-994072eb69be6c86)

running 2 tests
test a_window_envelope_never_allocates_more_buckets_than_visible_samples ... ok
test a_window_envelope_draws_only_the_requested_samples ... ok

test result: ok. 2 passed; 0 failed; 0 ignored; 0 measured; 0 filtered out; finished in 0.02s

   Doc-tests plateforce_analysis

running 0 tests

test result: ok. 0 passed; 0 failed; 0 ignored; 0 measured; 0 filtered out; finished in 0.00s

   Doc-tests plateforce_batch

running 1 test
test crates/plateforce-batch/src/exclusions.rs - exclusions::GateRegistry (line 91) ... ok

test result: ok. 1 passed; 0 failed; 0 ignored; 0 measured; 0 filtered out; finished in 0.85s

   Doc-tests plateforce_conformance

running 0 tests

test result: ok. 0 passed; 0 failed; 0 ignored; 0 measured; 0 filtered out; finished in 0.00s

   Doc-tests plateforce_core

running 0 tests

test result: ok. 0 passed; 0 failed; 0 ignored; 0 measured; 0 filtered out; finished in 0.00s

   Doc-tests plateforce

running 0 tests

test result: ok. 0 passed; 0 failed; 0 ignored; 0 measured; 0 filtered out; finished in 0.00s

   Doc-tests plateforce_registry

running 0 tests

test result: ok. 0 passed; 0 failed; 0 ignored; 0 measured; 0 filtered out; finished in 0.00s

   Doc-tests plateforce_serve

running 0 tests

test result: ok. 0 passed; 0 failed; 0 ignored; 0 measured; 0 filtered out; finished in 0.00s

   Doc-tests plateforce_wasm

running 0 tests

test result: ok. 0 passed; 0 failed; 0 ignored; 0 measured; 0 filtered out; finished in 0.00s

error: 48 targets failed:
    `-p plateforce-analysis --lib`
    `-p plateforce-analysis --test a_chain_names_the_rules_its_number_rests_on`
    `-p plateforce-analysis --test a_drop_jump_height_names_the_landing_it_rested_on`
    `-p plateforce-analysis --test a_height_that_needs_a_measurement_asks_for_it_by_name`
    `-p plateforce-analysis --test a_landing_the_caller_placed_says_so`
    `-p plateforce-analysis --test a_landmark_a_hand_placed_says_so`
    `-p plateforce-analysis --test a_name_the_caller_states_is_read_or_refused_never_dropped`
    `-p plateforce-analysis --test a_number_names_every_entry_behind_it_whichever_phase_ran_it`
    `-p plateforce-analysis --test a_number_that_is_not_a_number_is_not_a_number_nobody_computed`
    `-p plateforce-analysis --test a_phase_anchored_rate_runs_across_the_phase_the_caller_named`
    `-p plateforce-analysis --test a_phase_boundary_carries_the_rule_that_placed_it`
    `-p plateforce-analysis --test a_phase_model_that_places_nothing_says_why`
    `-p plateforce-analysis --test a_preset_says_which_pipeline_produced_the_number`
    `-p plateforce-analysis --test a_rule_nobody_named_carries_nobodys_signature`
    `-p plateforce-analysis --test a_rule_reached_by_construct_says_what_it_read`
    `-p plateforce-analysis --test a_rule_that_found_nothing_says_so_in_a_code`
    `-p plateforce-analysis --test a_split_at_a_boundary_of_the_interval_it_divides_is_refused`
    `-p plateforce-analysis --test a_stated_weighing_start_is_honoured_or_refused_never_moved`
    `-p plateforce-analysis --test a_takeoff_at_its_search_floor_says_so`
    `-p plateforce-analysis --test a_value_read_off_the_trace_says_so`
    `-p plateforce-analysis --test a_value_recorded_against_an_entry_is_findable_on_that_entry`
    `-p plateforce-analysis --test absent_numbers_say_what_accounts_for_them`
    `-p plateforce-analysis --test an_onset_at_its_search_floor_says_so`
    `-p plateforce-analysis --test an_operator_entry_is_reachable_by_a_name_a_rule_reads`
    `-p plateforce-analysis --test every_consumer_reads_one_chain`
    `-p plateforce-analysis --test every_rule_that_gravity_moves_says_so_not_just_the_first_one_per_construct`
    `-p plateforce-analysis --test every_surface_publishes_the_account_the_engine_wrote`
    `-p plateforce-analysis --test jump_height_carries_the_frame_it_was_measured_in`
    `-p plateforce-analysis --test level_one_slots`
    `-p plateforce-analysis --test one_id_reports_one_number_whichever_way_a_caller_arrives`
    `-p plateforce-analysis --test one_number_carries_one_chain`
    `-p plateforce-analysis --test registry_backing_follows_the_list_the_engine_is_handed`
    `-p plateforce-analysis --test the_analysis_records_the_gravity_its_numbers_ran_under`
    `-p plateforce-analysis --test the_chain_behind_a_number_names_the_gravity_that_moved_it`
    `-p plateforce-analysis --test the_headline_number_names_the_integration_it_rests_on`
    `-p plateforce-analysis --test the_operators_a_default_request_composes`
    `-p plateforce-analysis --test the_ratio_family_says_which_denominator_it_divided_by`
    `-p plateforce-analysis --test the_window_a_sequential_rate_reports_is_the_one_the_caller_named`
    `-p plateforce-analysis --test the_worked_example_a_reader_copies_is_the_one_this_engine_writes`
    `-p plateforce-analysis --test two_phase_models_produce_two_shapes_of_answer`
    `-p plateforce-cli --test reach`
    `-p plateforce-wasm --test browser_request`
    `-p plateforce-wasm --test entailed_operator_values`
    `-p plateforce-wasm --test fallbacks_match_the_registry`
    `-p plateforce-wasm --test metrics_name_the_rule_that_computed_them`
    `-p plateforce-wasm --test offered_parameters`
    `-p plateforce-wasm --test quality_signals`
    `-p plateforce-wasm --test search_floor_moves_the_onset`
